trip_id,sol,trip_index,crew_served,route_km,payload_kg,terrain_risk_score,energy_kwh,dust_storm_flag,battery_soh
0,0,0,100,2.46,203.2,0.298,13.59,0,1.0
1,0,1,100,1.82,58.7,0.653,17.92,0,1.0
2,0,2,100,2.26,77.7,0.218,9.62,0,1.0
3,0,3,100,2.38,206.0,0.278,13.86,0,0.9999
4,0,4,100,5.5,217.3,0.296,16.28,0,0.9999
5,0,5,100,1.91,135.3,0.392,15.59,0,0.9999
6,1,0,100,5.28,159.0,0.111,13.14,0,0.9995
7,1,1,100,6.44,171.0,0.307,12.7,0,0.9995
8,1,2,100,6.09,114.3,0.837,18.23,0,0.9995
9,1,3,100,3.44,169.0,0.551,16.68,0,0.9995
10,2,0,100,3.45,106.7,0.708,17.4,0,0.9991
11,2,1,100,4.34,126.9,0.452,15.87,0,0.9991
12,2,2,100,1.85,196.7,0.107,10.25,0,0.9991
13,2,3,100,1.65,211.4,0.195,12.35,0,0.999
14,3,0,100,3.94,187.5,0.757,19.08,0,0.9987
15,3,1,100,4.75,195.2,0.837,18.88,0,0.9987
16,3,2,100,5.34,172.7,0.412,18.34,0,0.9986
17,3,3,100,4.54,104.6,0.328,14.05,0,0.9986
18,4,0,100,1.53,198.2,0.692,17.66,0,0.9982
19,4,1,100,3.56,174.8,0.542,15.69,0,0.9982
20,4,2,100,3.17,100.3,0.303,14.35,0,0.9982
21,4,3,100,1.58,79.6,0.648,16.72,0,0.9982
22,5,0,100,2.01,93.4,0.664,19.29,0,0.9978
23,5,1,100,2.15,52.9,0.167,13.06,0,0.9978
24,5,2,100,3.96,201.1,0.236,15.34,0,0.9978
25,5,3,100,3.75,95.5,0.661,19.34,0,0.9978
26,6,0,100,1.61,100.2,0.106,9.13,0,0.9974
27,6,1,100,5.28,175.3,0.174,16.5,0,0.9974
28,6,2,100,3.97,172.5,0.645,16.21,0,0.9973
29,6,3,100,5.29,79.5,0.112,13.73,0,0.9973
30,7,0,100,3.63,217.7,0.58,18.0,0,0.997
31,7,1,100,2.05,96.1,0.468,17.84,0,0.9969
32,7,2,100,1.65,61.1,0.157,14.45,0,0.9969
33,7,3,100,3.8,70.1,0.565,15.69,0,0.9969
34,7,4,100,2.43,109.3,0.107,13.99,0,0.9969
35,7,5,100,3.21,176.4,0.151,14.09,0,0.9969
36,8,0,100,5.42,191.8,0.614,19.0,0,0.9965
37,8,1,100,4.47,72.9,0.212,11.78,0,0.9965
38,8,2,100,5.44,108.5,0.445,16.41,0,0.9964
39,8,3,100,4.83,176.5,0.279,14.9,0,0.9964
40,9,0,100,3.28,201.5,0.253,13.09,0,0.996
41,9,1,100,5.1,59.4,0.555,21.13,0,0.996
42,9,2,100,0.88,58.1,0.35,15.46,0,0.996
43,9,3,100,0.97,213.8,0.433,14.92,0,0.996
44,10,0,100,4.71,102.7,0.594,15.86,0,0.9956
45,10,1,100,6.32,183.9,0.731,16.65,0,0.9956
46,10,2,100,0.92,204.8,0.35,16.72,0,0.9956
47,10,3,100,6.1,163.0,0.207,13.32,0,0.9956
48,11,0,100,4.72,88.6,0.53,16.75,0,0.9952
49,11,1,100,4.94,104.5,0.302,16.42,0,0.9952
50,11,2,100,2.12,153.6,0.409,14.22,0,0.9951
51,11,3,100,1.08,118.6,0.339,14.86,0,0.9951
52,12,0,100,2.36,118.5,0.893,19.58,0,0.9948
53,12,1,100,3.64,165.0,0.412,16.12,0,0.9947
54,12,2,100,2.48,76.8,0.646,19.34,0,0.9947
55,12,3,100,2.91,49.7,0.491,12.42,0,0.9947
56,13,0,100,2.79,79.3,0.205,14.06,0,0.9943
57,13,1,100,1.42,139.1,0.428,16.77,0,0.9943
58,13,2,100,2.4,136.6,0.747,17.06,0,0.9943
59,13,3,100,3.07,125.9,0.104,11.22,0,0.9943
60,14,0,100,3.26,138.4,0.536,15.09,0,0.9939
61,14,1,100,2.08,89.1,0.893,18.19,0,0.9939
62,14,2,100,3.99,45.1,0.48,16.04,0,0.9939
63,14,3,100,4.87,40.9,0.427,15.9,0,0.9938
64,14,4,100,6.34,186.5,0.671,15.76,0,0.9938
65,14,5,100,5.53,212.0,0.203,14.83,0,0.9938
66,15,0,100,3.27,211.0,0.748,16.11,0,0.9934
67,15,1,100,5.95,101.6,0.375,17.34,0,0.9934
68,15,2,100,4.18,127.4,0.408,12.36,0,0.9934
69,15,3,100,3.38,184.2,0.822,20.78,0,0.9934
70,16,0,100,2.43,215.9,0.181,12.22,0,0.993
71,16,1,100,0.95,104.8,0.799,19.33,0,0.993
72,16,2,100,0.84,77.4,0.741,15.84,0,0.993
73,16,3,100,3.3,196.1,0.361,13.98,0,0.9929
74,17,0,100,4.63,143.5,0.754,18.52,0,0.9926
75,17,1,100,6.48,55.0,0.19,12.61,0,0.9926
76,17,2,100,6.32,102.2,0.411,12.99,0,0.9925
77,17,3,100,3.87,143.3,0.12,12.33,0,0.9925
78,18,0,100,3.8,192.5,0.377,15.55,0,0.9921
79,18,1,100,3.05,116.2,0.104,13.93,0,0.9921
80,18,2,100,6.32,156.7,0.149,13.91,0,0.9921
81,18,3,100,1.11,126.1,0.186,15.03,0,0.9921
82,19,0,100,1.52,56.2,0.704,16.81,0,0.9917
83,19,1,100,5.22,211.5,0.871,18.1,0,0.9917
84,19,2,100,2.17,121.0,0.601,15.6,0,0.9917
85,19,3,100,6.23,96.4,0.228,15.96,0,0.9916
86,20,0,100,1.33,152.4,0.123,12.26,0,0.9913
87,20,1,100,1.2,62.6,0.543,13.62,0,0.9913
88,20,2,100,3.55,84.4,0.861,21.5,0,0.9912
89,20,3,100,5.53,74.6,0.224,15.67,0,0.9912
90,21,0,100,3.88,78.4,0.298,12.65,0,0.9909
91,21,1,100,3.95,65.8,0.808,19.48,0,0.9908
92,21,2,100,3.58,107.3,0.173,16.32,0,0.9908
93,21,3,100,3.27,99.0,0.675,14.79,0,0.9908
94,21,4,100,1.64,48.2,0.414,13.44,0,0.9908
95,21,5,100,1.23,55.3,0.211,14.22,0,0.9908
96,22,0,100,1.78,46.5,0.725,15.48,0,0.9904
97,22,1,100,2.96,130.7,0.507,16.55,0,0.9904
98,22,2,100,2.13,184.0,0.771,17.76,0,0.9903
99,22,3,100,5.58,122.1,0.62,16.12,0,0.9903
100,23,0,100,1.18,178.6,0.736,16.54,0,0.9899
101,23,1,100,1.62,173.5,0.764,18.75,0,0.9899
102,23,2,100,2.4,163.1,0.271,13.57,0,0.9899
103,23,3,100,3.54,104.2,0.206,14.11,0,0.9899
104,24,0,100,4.9,203.2,0.684,16.14,0,0.9895
105,24,1,100,5.27,145.6,0.755,18.79,0,0.9895
106,24,2,100,5.37,60.7,0.138,16.11,0,0.9895
107,24,3,100,2.94,205.4,0.877,19.73,0,0.9895
108,25,0,100,0.88,105.8,0.516,16.47,0,0.9891
109,25,1,100,5.65,111.5,0.573,17.53,0,0.9891
110,25,2,100,4.34,42.1,0.457,15.81,0,0.989
111,25,3,100,1.42,40.3,0.335,13.86,0,0.989
112,26,0,100,0.91,88.3,0.754,19.01,0,0.9887
113,26,1,100,1.47,135.4,0.387,14.47,0,0.9886
114,26,2,100,2.9,59.0,0.398,16.89,0,0.9886
115,26,3,100,2.44,80.8,0.211,14.24,0,0.9886
116,27,0,100,1.9,207.3,0.221,12.23,0,0.9882
117,27,1,100,1.59,209.8,0.522,16.72,0,0.9882
118,27,2,100,5.44,113.6,0.579,16.73,0,0.9882
119,27,3,100,1.62,82.3,0.121,13.28,0,0.9882
120,28,0,100,6.29,133.3,0.604,17.64,0,0.9878
121,28,1,100,1.65,73.5,0.591,14.97,0,0.9878
122,28,2,100,2.39,215.2,0.604,15.66,0,0.9878
123,28,3,100,2.12,121.0,0.471,16.31,0,0.9877
124,28,4,100,5.17,114.9,0.771,16.16,0,0.9877
125,28,5,100,1.55,50.3,0.807,16.12,0,0.9877
126,29,0,100,4.08,214.4,0.298,15.28,0,0.9873
127,29,1,100,1.42,202.8,0.687,19.48,0,0.9873
128,29,2,100,4.04,121.9,0.742,19.54,0,0.9873
129,29,3,100,1.52,83.3,0.48,12.8,0,0.9873
130,30,0,100,4.51,129.2,0.612,16.92,0,0.9869
131,30,1,100,6.27,168.0,0.485,14.69,0,0.9869
132,30,2,100,3.9,135.7,0.584,16.11,0,0.9869
133,30,3,100,6.32,82.6,0.163,12.52,0,0.9868
134,31,0,100,2.99,59.5,0.818,18.17,0,0.9865
135,31,1,100,1.41,202.2,0.895,20.26,0,0.9864
136,31,2,100,1.79,151.3,0.546,17.88,0,0.9864
137,31,3,100,3.75,67.2,0.896,18.52,0,0.9864
138,32,0,100,5.46,103.7,0.619,14.85,0,0.986
139,32,1,100,1.16,138.5,0.323,13.23,0,0.986
140,32,2,100,4.01,118.1,0.162,12.21,0,0.986
141,32,3,100,4.14,178.8,0.892,17.04,0,0.986
142,33,0,100,2.93,61.5,0.299,14.96,0,0.9856
143,33,1,100,4.25,205.5,0.311,17.14,0,0.9856
144,33,2,100,5.69,59.9,0.622,16.12,0,0.9856
145,33,3,100,5.25,70.0,0.131,12.07,0,0.9856
146,34,0,100,5.27,179.9,0.621,13.8,0,0.9852
147,34,1,100,3.23,59.1,0.5,16.62,0,0.9852
148,34,2,100,3.37,104.7,0.628,17.62,0,0.9851
149,34,3,100,5.38,206.7,0.669,15.7,0,0.9851
150,35,0,100,3.61,96.1,0.501,16.95,0,0.9848
151,35,1,100,3.95,192.2,0.557,15.69,0,0.9847
152,35,2,100,2.56,199.9,0.469,17.63,0,0.9847
153,35,3,100,2.62,195.0,0.199,11.58,0,0.9847
154,35,4,100,4.41,87.3,0.618,20.45,0,0.9847
155,35,5,100,1.53,102.2,0.537,17.19,0,0.9847
156,36,0,100,0.96,99.6,0.294,16.73,0,0.9843
157,36,1,100,2.81,137.8,0.809,18.06,0,0.9843
158,36,2,100,1.64,150.4,0.751,16.83,0,0.9842
159,36,3,100,6.31,202.0,0.788,17.99,0,0.9842
160,37,0,100,6.14,151.3,0.738,17.99,0,0.9839
161,37,1,100,4.38,174.5,0.252,15.26,0,0.9838
162,37,2,100,2.73,177.1,0.461,13.49,0,0.9838
163,37,3,100,1.83,175.8,0.828,20.21,0,0.9838
164,38,0,100,5.02,80.3,0.641,18.6,0,0.9834
165,38,1,100,3.28,201.1,0.426,15.9,0,0.9834
166,38,2,100,4.16,42.3,0.377,15.73,0,0.9834
167,38,3,100,4.49,201.9,0.142,13.92,0,0.9834
168,39,0,100,3.24,166.9,0.522,16.59,0,0.983
169,39,1,100,2.59,164.4,0.229,15.7,0,0.983
170,39,2,100,6.04,154.2,0.447,16.33,0,0.9829
171,39,3,100,2.45,109.2,0.124,13.04,0,0.9829
172,40,0,100,2.38,116.3,0.82,17.24,0,0.9826
173,40,1,100,4.75,110.9,0.696,18.47,0,0.9825
174,40,2,100,6.12,95.9,0.595,15.24,0,0.9825
175,40,3,100,3.0,169.1,0.503,15.66,0,0.9825
176,41,0,100,4.65,61.3,0.803,18.75,0,0.9821
177,41,1,100,2.72,92.5,0.374,15.97,0,0.9821
178,41,2,100,3.87,219.1,0.518,16.38,0,0.9821
179,41,3,100,6.17,41.4,0.583,14.13,0,0.9821
180,42,0,100,5.66,146.7,0.368,15.64,0,0.9817
181,42,1,100,2.5,207.7,0.407,13.86,0,0.9817
182,42,2,100,6.1,158.8,0.597,19.09,0,0.9817
183,42,3,100,4.67,197.9,0.618,13.47,0,0.9816
184,42,4,100,4.92,207.0,0.302,15.13,0,0.9816
185,42,5,100,2.15,206.5,0.314,14.19,0,0.9816
186,43,0,100,4.09,206.9,0.394,17.93,0,0.9812
187,43,1,100,6.32,141.9,0.36,15.25,0,0.9812
188,43,2,100,4.82,173.5,0.472,18.49,0,0.9812
189,43,3,100,1.74,173.0,0.223,15.23,0,0.9812
190,44,0,100,3.94,170.3,0.54,16.7,0,0.9808
191,44,1,100,1.03,181.2,0.275,13.77,0,0.9808
192,44,2,100,1.12,60.9,0.534,13.87,0,0.9808
193,44,3,100,2.01,131.1,0.708,16.95,0,0.9807
194,45,0,100,5.73,97.6,0.118,11.29,0,0.9804
195,45,1,100,5.26,64.8,0.218,13.04,0,0.9803
196,45,2,100,3.69,131.8,0.215,10.56,0,0.9803
197,45,3,100,0.94,140.2,0.455,13.51,0,0.9803
198,46,0,100,5.62,65.4,0.353,14.61,0,0.9799
199,46,1,100,2.64,79.6,0.512,14.65,0,0.9799
200,46,2,100,5.79,86.1,0.143,14.15,0,0.9799
201,46,3,100,5.09,170.4,0.214,12.09,0,0.9799
202,47,0,100,3.17,210.8,0.277,13.13,0,0.9795
203,47,1,100,5.31,111.3,0.467,13.89,0,0.9795
204,47,2,100,4.75,113.9,0.508,15.63,0,0.9795
205,47,3,100,3.7,204.1,0.687,19.99,0,0.9795
206,48,0,100,4.28,192.9,0.506,15.24,0,0.9791
207,48,1,100,5.56,106.0,0.283,15.01,0,0.9791
208,48,2,100,4.03,181.2,0.745,16.75,0,0.979
209,48,3,100,2.1,98.3,0.219,17.99,0,0.979
210,49,0,100,5.56,57.4,0.82,17.29,0,0.9787
211,49,1,100,1.66,162.2,0.213,13.85,0,0.9786
212,49,2,100,1.36,213.2,0.418,14.01,0,0.9786
213,49,3,100,4.01,100.0,0.146,12.35,0,0.9786
214,49,4,100,4.54,157.3,0.108,10.96,0,0.9786
215,49,5,100,3.29,112.3,0.7,18.39,0,0.9786
216,50,0,100,5.25,92.0,0.735,19.62,0,0.9782
217,50,1,100,1.5,139.5,0.155,14.77,0,0.9782
218,50,2,100,3.76,73.5,0.258,11.99,0,0.9781
219,50,3,100,0.99,49.1,0.747,18.41,0,0.9781
220,51,0,100,5.03,113.8,0.2,15.37,0,0.9778
221,51,1,100,6.45,44.6,0.119,12.27,0,0.9777
222,51,2,100,2.41,58.4,0.655,14.0,0,0.9777
223,51,3,100,5.43,87.9,0.689,15.04,0,0.9777
224,52,0,100,6.09,132.5,0.765,17.34,0,0.9773
225,52,1,100,5.2,149.9,0.625,17.09,0,0.9773
226,52,2,100,2.81,192.7,0.205,14.75,0,0.9773
227,52,3,100,4.1,197.5,0.152,13.52,0,0.9773
228,53,0,100,1.45,92.2,0.698,17.16,0,0.9769
229,53,1,100,5.79,118.1,0.803,18.43,0,0.9769
230,53,2,100,1.24,45.2,0.356,15.7,0,0.9768
231,53,3,100,5.99,61.9,0.628,17.83,0,0.9768
232,54,0,100,0.97,199.9,0.191,13.7,0,0.9765
233,54,1,100,2.48,217.0,0.377,12.57,0,0.9764
234,54,2,100,4.65,134.6,0.539,17.12,0,0.9764
235,54,3,100,5.72,81.6,0.387,15.41,0,0.9764
236,55,0,100,5.11,190.9,0.551,17.0,0,0.976
237,55,1,100,1.65,202.8,0.37,16.17,0,0.976
238,55,2,100,6.03,187.4,0.123,15.08,0,0.976
239,55,3,100,4.27,63.3,0.695,15.74,0,0.976
240,56,0,100,4.86,201.8,0.832,18.88,0,0.9756
241,56,1,100,1.35,54.3,0.392,14.17,0,0.9756
242,56,2,100,1.8,45.3,0.226,13.24,0,0.9756
243,56,3,100,3.13,193.5,0.386,14.51,0,0.9755
244,56,4,100,2.84,147.3,0.381,15.35,0,0.9755
245,56,5,100,5.63,75.2,0.617,17.47,0,0.9755
246,57,0,100,5.11,145.6,0.266,13.13,0,0.9751
247,57,1,100,5.74,119.5,0.107,10.96,0,0.9751
248,57,2,100,0.89,191.3,0.181,12.42,0,0.9751
249,57,3,100,1.29,56.5,0.13,12.63,0,0.9751
250,58,0,100,6.34,100.0,0.271,12.26,0,0.9747
251,58,1,100,1.39,107.6,0.458,14.48,0,0.9747
252,58,2,100,5.89,211.3,0.436,17.72,0,0.9747
253,58,3,100,4.83,143.8,0.104,12.32,0,0.9746
254,59,0,100,4.85,169.4,0.458,16.94,0,0.9743
255,59,1,100,2.8,74.9,0.302,14.29,0,0.9743
256,59,2,100,1.62,165.0,0.458,14.05,0,0.9742
257,59,3,100,4.98,145.8,0.33,13.37,0,0.9742
258,60,0,100,5.4,104.0,0.347,15.89,0,0.9738
259,60,1,100,3.67,145.0,0.228,12.6,0,0.9738
260,60,2,100,1.33,130.8,0.389,12.95,0,0.9738
261,60,3,100,6.29,117.9,0.417,13.72,0,0.9738
262,61,0,100,2.04,130.4,0.488,16.37,0,0.9734
263,61,1,100,4.77,132.6,0.187,13.96,0,0.9734
264,61,2,100,2.28,104.0,0.618,17.57,0,0.9734
265,61,3,100,1.37,153.7,0.695,17.44,0,0.9734
266,62,0,100,4.74,157.7,0.736,18.46,0,0.973
267,62,1,100,4.37,96.2,0.47,16.0,0,0.973
268,62,2,100,4.38,81.5,0.496,18.05,0,0.9729
269,62,3,100,3.88,180.3,0.459,14.18,0,0.9729
270,63,0,100,1.31,152.6,0.606,16.05,0,0.9726
271,63,1,100,1.09,183.7,0.329,14.33,0,0.9725
272,63,2,100,3.01,190.2,0.686,15.11,0,0.9725
273,63,3,100,4.68,163.1,0.339,13.78,0,0.9725
274,63,4,100,4.3,95.5,0.581,14.97,0,0.9725
275,63,5,100,6.02,66.4,0.453,14.24,0,0.9725
276,64,0,100,4.81,172.8,0.798,16.97,0,0.9721
277,64,1,100,6.09,46.5,0.142,11.47,0,0.9721
278,64,2,100,4.48,147.7,0.572,15.3,0,0.972
279,64,3,100,5.22,185.4,0.885,19.81,0,0.972
280,65,0,100,5.09,100.2,0.677,19.64,0,0.9716
281,65,1,100,5.65,40.0,0.815,17.56,0,0.9716
282,65,2,100,5.05,218.5,0.289,13.66,0,0.9716
283,65,3,100,5.51,78.8,0.23,15.1,0,0.9716
284,66,0,100,3.98,59.9,0.109,12.2,0,0.9712
285,66,1,100,6.21,92.8,0.583,19.92,0,0.9712
286,66,2,100,2.89,50.6,0.111,12.55,0,0.9712
287,66,3,100,2.47,95.0,0.857,17.68,0,0.9712
288,67,0,100,2.89,115.0,0.761,16.2,0,0.9708
289,67,1,100,2.08,121.0,0.647,14.16,0,0.9708
290,67,2,100,0.92,159.1,0.418,13.44,0,0.9708
291,67,3,100,2.96,46.2,0.452,16.05,0,0.9707
292,68,0,100,3.24,201.9,0.704,16.74,0,0.9704
293,68,1,100,3.66,84.2,0.23,13.15,0,0.9703
294,68,2,100,3.24,158.7,0.323,14.51,0,0.9703
295,68,3,100,5.0,47.9,0.671,15.24,0,0.9703
296,69,0,100,3.73,66.3,0.629,16.52,0,0.9699
297,69,1,100,5.27,123.7,0.308,13.11,0,0.9699
298,69,2,100,4.09,123.5,0.557,17.26,0,0.9699
299,69,3,100,2.79,63.2,0.486,13.77,0,0.9699
300,70,0,100,5.77,191.3,0.541,14.25,0,0.9695
301,70,1,100,4.18,150.5,0.266,13.32,0,0.9695
302,70,2,100,1.0,86.4,0.379,13.4,0,0.9695
303,70,3,100,4.2,56.1,0.688,18.81,0,0.9694
304,70,4,100,4.07,217.6,0.305,15.59,0,0.9694
305,70,5,100,3.06,55.0,0.55,15.21,0,0.9694
306,71,0,100,2.01,111.7,0.84,20.13,0,0.969
307,71,1,100,2.67,155.2,0.298,13.08,0,0.969
308,71,2,100,3.82,177.2,0.818,18.04,0,0.969
309,71,3,100,1.0,97.4,0.816,18.51,0,0.969
310,72,0,100,3.84,68.8,0.798,19.49,0,0.9686
311,72,1,100,4.36,196.6,0.4,18.52,0,0.9686
312,72,2,100,2.79,111.5,0.86,17.89,0,0.9686
313,72,3,100,3.66,62.9,0.304,11.91,0,0.9685
314,73,0,100,0.83,116.7,0.357,15.26,0,0.9682
315,73,1,100,2.45,192.0,0.523,14.81,0,0.9682
316,73,2,100,1.43,164.4,0.694,17.57,0,0.9681
317,73,3,100,2.73,85.0,0.436,14.91,0,0.9681
318,74,0,100,5.35,76.1,0.661,17.33,0,0.9677
319,74,1,100,5.29,55.1,0.41,14.19,0,0.9677
320,74,2,100,1.51,176.7,0.168,14.21,0,0.9677
321,74,3,100,4.1,120.3,0.342,13.96,0,0.9677
322,75,0,100,5.6,101.4,0.791,17.47,0,0.9673
323,75,1,100,4.11,183.2,0.36,13.94,0,0.9673
324,75,2,100,3.3,59.8,0.62,17.36,0,0.9673
325,75,3,100,2.31,128.7,0.196,12.33,0,0.9673
326,76,0,100,4.03,123.8,0.38,14.96,0,0.9669
327,76,1,100,3.39,164.2,0.638,18.12,0,0.9669
328,76,2,100,5.33,177.4,0.666,16.81,0,0.9668
329,76,3,100,3.84,133.7,0.817,19.26,0,0.9668
330,77,0,100,4.45,88.5,0.403,15.45,0,0.9664
331,77,1,100,1.72,86.6,0.549,17.21,0,0.9664
332,77,2,100,5.98,72.7,0.687,19.73,0,0.9664
333,77,3,100,6.06,198.1,0.265,14.8,0,0.9664
334,77,4,100,1.14,92.7,0.231,12.43,0,0.9664
335,77,5,100,2.52,55.1,0.436,17.47,0,0.9663
336,78,0,100,2.9,174.1,0.386,14.23,0,0.966
337,78,1,100,4.36,91.3,0.265,15.27,0,0.966
338,78,2,100,3.09,151.2,0.653,17.05,0,0.9659
339,78,3,100,3.57,145.6,0.219,13.49,0,0.9659
340,79,0,100,1.04,194.6,0.406,14.88,0,0.9656
341,79,1,100,1.75,97.6,0.21,13.66,0,0.9655
342,79,2,100,3.08,102.0,0.323,15.69,0,0.9655
343,79,3,100,4.36,192.1,0.841,17.94,0,0.9655
344,80,0,100,0.96,179.1,0.458,15.52,0,0.9651
345,80,1,100,5.2,146.5,0.276,13.38,0,0.9651
346,80,2,100,1.46,151.1,0.414,16.12,0,0.9651
347,80,3,100,2.08,183.4,0.294,14.89,0,0.9651
348,81,0,100,2.22,64.6,0.254,15.28,0,0.9647
349,81,1,100,2.86,159.4,0.34,13.79,0,0.9647
350,81,2,100,4.33,131.5,0.857,18.45,0,0.9647
351,81,3,100,3.66,107.3,0.865,16.65,0,0.9646
352,82,0,100,1.31,126.6,0.465,16.24,0,0.9643
353,82,1,100,2.42,64.4,0.144,14.63,0,0.9642
354,82,2,100,2.66,180.6,0.611,14.81,0,0.9642
355,82,3,100,5.77,183.6,0.135,13.8,0,0.9642
356,83,0,100,2.82,192.8,0.845,21.14,0,0.9638
357,83,1,100,2.86,201.7,0.48,16.64,0,0.9638
358,83,2,100,2.83,40.3,0.603,17.77,0,0.9638
359,83,3,100,2.85,201.0,0.837,19.19,0,0.9638
360,84,0,100,4.63,117.2,0.138,14.14,0,0.9634
361,84,1,100,5.85,176.3,0.874,18.41,0,0.9634
362,84,2,100,5.23,211.8,0.298,15.04,0,0.9634
363,84,3,100,5.41,174.2,0.418,14.1,0,0.9633
364,84,4,100,2.03,195.1,0.667,16.71,0,0.9633
365,84,5,100,3.64,204.4,0.9,21.05,0,0.9633
366,85,0,100,5.35,188.0,0.815,21.56,0,0.9629
367,85,1,100,4.83,178.5,0.273,14.45,0,0.9629
368,85,2,100,4.05,51.7,0.599,18.13,0,0.9629
369,85,3,100,3.09,56.1,0.526,18.93,0,0.9629
370,86,0,100,4.14,46.1,0.436,17.62,0,0.9625
371,86,1,100,5.54,153.7,0.254,14.39,0,0.9625
372,86,2,100,6.05,111.3,0.493,15.15,0,0.9625
373,86,3,100,1.82,177.9,0.84,17.22,0,0.9624
374,87,0,100,3.43,116.5,0.674,14.29,0,0.9621
375,87,1,100,3.31,58.7,0.305,12.79,0,0.9621
376,87,2,100,1.06,43.2,0.574,16.65,0,0.962
377,87,3,100,5.14,46.2,0.695,16.49,0,0.962
378,88,0,100,2.55,157.5,0.547,17.24,0,0.9616
379,88,1,100,2.67,92.9,0.452,11.85,0,0.9616
380,88,2,100,3.69,89.9,0.813,18.04,0,0.9616
381,88,3,100,3.54,191.3,0.207,15.63,0,0.9616
382,89,0,100,6.32,175.2,0.112,13.32,0,0.9612
383,89,1,100,2.25,204.7,0.745,19.98,0,0.9612
384,89,2,100,5.33,215.7,0.888,19.14,0,0.9612
385,89,3,100,1.68,95.2,0.686,15.45,0,0.9611
386,90,0,100,6.26,122.6,0.336,15.85,0,0.9608
387,90,1,100,2.75,100.8,0.573,17.04,0,0.9608
388,90,2,100,3.12,88.3,0.441,15.01,0,0.9607
389,90,3,100,3.73,130.9,0.898,18.07,0,0.9607
390,91,0,100,1.41,79.8,0.256,10.99,0,0.9603
391,91,1,100,1.57,88.6,0.746,15.71,0,0.9603
392,91,2,100,4.48,105.1,0.886,20.11,0,0.9603
393,91,3,100,2.33,137.0,0.33,14.65,0,0.9603
394,91,4,100,2.51,74.4,0.169,12.86,0,0.9603
395,91,5,100,2.43,81.0,0.865,17.18,0,0.9602
396,92,0,100,3.92,184.1,0.279,12.19,0,0.9599
397,92,1,100,3.81,192.8,0.203,15.5,0,0.9599
398,92,2,100,6.02,98.8,0.269,15.11,0,0.9598
399,92,3,100,6.2,47.2,0.764,19.17,0,0.9598
400,93,0,100,4.92,41.1,0.864,21.57,0,0.9595
401,93,1,100,4.32,45.2,0.325,12.02,0,0.9594
402,93,2,100,4.91,210.3,0.852,18.97,0,0.9594
403,93,3,100,5.69,205.7,0.577,18.0,0,0.9594
404,94,0,100,2.32,78.3,0.835,16.84,0,0.959
405,94,1,100,5.34,185.9,0.868,19.6,0,0.959
406,94,2,100,3.78,159.9,0.457,12.15,0,0.959
407,94,3,100,3.11,69.1,0.423,11.11,0,0.959
408,95,0,100,4.36,147.8,0.839,19.75,0,0.9586
409,95,1,100,3.17,68.1,0.406,14.73,0,0.9586
410,95,2,100,0.81,206.3,0.503,16.51,0,0.9586
411,95,3,100,3.41,181.9,0.138,12.57,0,0.9585
412,96,0,100,2.59,196.7,0.358,17.48,0,0.9582
413,96,1,100,1.27,159.4,0.592,17.07,0,0.9581
414,96,2,100,2.12,125.9,0.228,14.79,0,0.9581
415,96,3,100,4.99,132.6,0.167,11.9,0,0.9581
416,97,0,100,2.88,40.5,0.432,16.09,0,0.9577
417,97,1,100,3.97,47.9,0.25,13.21,0,0.9577
418,97,2,100,4.27,69.9,0.563,12.77,0,0.9577
419,97,3,100,4.38,71.6,0.776,18.91,0,0.9577
420,98,0,100,5.58,169.0,0.222,15.12,0,0.9573
421,98,1,100,2.85,163.1,0.39,14.55,0,0.9573
422,98,2,100,1.31,191.5,0.324,9.73,0,0.9573
423,98,3,100,1.84,60.5,0.477,15.48,0,0.9572
424,98,4,100,2.69,214.2,0.75,18.58,0,0.9572
425,98,5,100,1.09,197.2,0.83,19.32,0,0.9572
426,99,0,100,4.17,208.3,0.242,14.39,0,0.9568
427,99,1,100,2.42,195.5,0.788,13.84,0,0.9568
428,99,2,100,4.77,180.5,0.852,17.62,0,0.9568
429,99,3,100,2.07,142.2,0.113,10.76,0,0.9568
430,100,0,100,4.24,43.8,0.732,15.2,0,0.9564
431,100,1,100,1.43,192.4,0.894,18.12,0,0.9564
432,100,2,100,3.62,90.8,0.683,18.82,0,0.9564
433,100,3,100,5.01,206.2,0.852,20.12,0,0.9563
434,101,0,100,5.31,99.0,0.702,13.91,0,0.956
435,101,1,100,1.87,162.8,0.775,19.98,0,0.9559
436,101,2,100,1.2,114.9,0.867,19.44,0,0.9559
437,101,3,100,2.48,151.9,0.117,11.12,0,0.9559
438,102,0,100,1.26,75.2,0.803,18.35,0,0.9555
439,102,1,100,5.68,195.7,0.182,16.52,0,0.9555
440,102,2,100,4.77,162.9,0.362,14.14,0,0.9555
441,102,3,100,5.84,86.6,0.839,19.54,0,0.9555
442,103,0,100,3.45,161.6,0.525,17.28,0,0.9551
443,103,1,100,2.34,142.4,0.563,14.32,0,0.9551
444,103,2,100,5.7,119.8,0.453,14.59,0,0.9551
445,103,3,100,4.57,165.6,0.554,15.17,0,0.955
446,104,0,100,3.42,85.6,0.172,14.44,0,0.9547
447,104,1,100,1.47,110.3,0.406,13.51,0,0.9547
448,104,2,100,5.65,98.6,0.327,14.77,0,0.9546
449,104,3,100,3.41,201.4,0.526,14.35,0,0.9546
450,105,0,100,3.69,106.3,0.686,16.45,0,0.9543
451,105,1,100,5.92,144.3,0.51,17.72,0,0.9542
452,105,2,100,5.27,163.0,0.834,20.3,0,0.9542
453,105,3,100,4.18,198.2,0.392,15.52,0,0.9542
454,105,4,100,3.44,80.0,0.251,15.27,0,0.9542
455,105,5,100,1.37,112.5,0.644,18.48,0,0.9542
456,106,0,100,2.56,151.9,0.72,18.45,0,0.9538
457,106,1,100,2.53,179.9,0.135,10.82,0,0.9538
458,106,2,100,5.67,171.4,0.647,17.24,0,0.9537
459,106,3,100,4.13,127.4,0.411,15.53,0,0.9537
460,107,0,100,5.62,51.6,0.193,12.33,0,0.9534
461,107,1,100,2.24,164.5,0.404,16.71,0,0.9533
462,107,2,100,3.47,218.0,0.713,15.95,0,0.9533
463,107,3,100,3.39,92.3,0.495,14.68,0,0.9533
464,108,0,100,2.93,209.5,0.132,11.24,0,0.9529
465,108,1,100,2.06,94.2,0.775,18.83,0,0.9529
466,108,2,100,2.29,163.1,0.555,16.84,0,0.9529
467,108,3,100,4.12,128.5,0.785,21.56,0,0.9529
468,109,0,100,4.35,199.9,0.388,15.12,0,0.9525
469,109,1,100,6.12,164.0,0.196,14.03,0,0.9525
470,109,2,100,3.13,42.3,0.847,18.07,0,0.9525
471,109,3,100,5.54,149.0,0.847,18.8,0,0.9524
472,110,0,100,5.57,206.5,0.262,14.85,0,0.9521
473,110,1,100,2.05,141.3,0.449,16.23,0,0.952
474,110,2,100,0.95,138.6,0.383,14.22,0,0.952
475,110,3,100,4.52,69.8,0.508,15.81,0,0.952
476,111,0,100,3.15,151.6,0.598,17.74,0,0.9516
477,111,1,100,4.0,169.9,0.105,12.21,0,0.9516
478,111,2,100,3.88,85.5,0.586,16.12,0,0.9516
479,111,3,100,4.31,180.5,0.331,15.47,0,0.9516
480,112,0,100,5.08,136.0,0.182,14.69,0,0.9512
481,112,1,100,3.5,168.0,0.538,19.37,0,0.9512
482,112,2,100,5.27,168.9,0.613,16.38,0,0.9512
483,112,3,100,1.42,209.1,0.666,18.21,0,0.9511
484,112,4,100,2.99,48.5,0.588,14.74,0,0.9511
485,112,5,100,2.45,178.9,0.312,13.68,0,0.9511
486,113,0,100,6.42,153.9,0.84,18.83,0,0.9507
487,113,1,100,1.61,84.7,0.112,10.12,0,0.9507
488,113,2,100,3.06,206.1,0.714,17.54,0,0.9507
489,113,3,100,4.5,106.2,0.867,18.69,0,0.9507
490,114,0,100,1.1,118.5,0.811,17.43,0,0.9503
491,114,1,100,1.92,132.5,0.599,17.13,0,0.9503
492,114,2,100,1.13,70.7,0.257,11.38,0,0.9503
493,114,3,100,3.75,103.1,0.41,16.22,0,0.9502
494,115,0,100,0.98,131.0,0.392,14.18,0,0.9499
495,115,1,100,2.76,159.6,0.117,14.12,0,0.9498
496,115,2,100,6.34,195.7,0.381,16.25,0,0.9498
497,115,3,100,5.0,84.8,0.34,16.13,0,0.9498
498,116,0,100,5.34,51.5,0.861,18.43,0,0.9494
499,116,1,100,1.11,110.1,0.462,17.7,0,0.9494
500,116,2,100,1.78,98.4,0.422,15.08,0,0.9494
501,116,3,100,6.42,145.2,0.785,18.27,0,0.9494
502,117,0,100,3.68,95.5,0.892,19.87,0,0.949
503,117,1,100,5.83,169.2,0.506,16.06,0,0.949
504,117,2,100,6.1,162.9,0.113,11.32,0,0.949
505,117,3,100,1.62,53.1,0.733,15.64,0,0.9489
506,118,0,100,2.14,179.3,0.268,15.94,0,0.9486
507,118,1,100,5.94,173.1,0.884,18.23,0,0.9486
508,118,2,100,3.82,117.0,0.511,15.82,0,0.9485
509,118,3,100,5.05,99.2,0.877,20.25,0,0.9485
510,119,0,100,4.01,212.4,0.664,18.88,0,0.9482
511,119,1,100,4.15,63.4,0.784,19.18,0,0.9481
512,119,2,100,5.69,75.9,0.463,15.06,0,0.9481
513,119,3,100,2.69,169.0,0.458,18.17,0,0.9481
514,119,4,100,1.85,45.8,0.812,18.47,0,0.9481
515,119,5,100,3.14,54.7,0.689,17.14,0,0.9481
516,120,0,100,5.51,71.7,0.128,13.18,0,0.9477
517,120,1,100,5.06,44.8,0.785,16.72,0,0.9477
518,120,2,100,1.98,48.6,0.584,17.38,0,0.9476
519,120,3,100,2.71,143.2,0.267,14.97,0,0.9476
520,121,0,100,3.39,138.1,0.466,15.31,0,0.9473
521,121,1,100,1.82,163.6,0.827,18.84,0,0.9472
522,121,2,100,5.02,209.8,0.582,16.26,0,0.9472
523,121,3,100,4.57,98.8,0.771,19.04,0,0.9472
524,122,0,100,2.58,70.8,0.875,19.59,0,0.9468
525,122,1,100,4.87,207.4,0.724,19.71,0,0.9468
526,122,2,100,0.89,137.9,0.586,15.88,0,0.9468
527,122,3,100,2.86,136.6,0.554,17.72,0,0.9468
528,123,0,100,6.4,211.7,0.453,12.9,0,0.9464
529,123,1,100,6.46,48.2,0.59,17.23,0,0.9464
530,123,2,100,6.16,47.5,0.605,15.03,0,0.9463
531,123,3,100,2.99,94.4,0.227,14.3,0,0.9463
532,124,0,100,1.27,86.8,0.364,14.52,0,0.946
533,124,1,100,2.77,54.8,0.117,12.43,0,0.9459
534,124,2,100,3.02,153.5,0.293,17.25,0,0.9459
535,124,3,100,3.17,118.9,0.467,19.82,0,0.9459
536,125,0,100,1.04,128.4,0.554,16.2,0,0.9455
537,125,1,100,3.6,77.3,0.321,14.25,0,0.9455
538,125,2,100,5.83,155.5,0.655,19.84,0,0.9455
539,125,3,100,4.05,128.6,0.264,15.91,0,0.9455
540,126,0,100,4.16,139.1,0.357,12.36,0,0.9451
541,126,1,100,5.13,98.7,0.818,19.42,0,0.9451
542,126,2,100,3.4,68.4,0.497,15.89,0,0.9451
543,126,3,100,4.79,66.3,0.715,17.67,0,0.945
544,126,4,100,2.62,154.2,0.536,17.72,0,0.945
545,126,5,100,5.69,174.6,0.533,16.06,0,0.945
546,127,0,100,1.83,59.7,0.569,14.88,0,0.9446
547,127,1,100,5.89,179.6,0.868,18.36,0,0.9446
548,127,2,100,5.2,70.8,0.173,13.67,0,0.9446
549,127,3,100,3.45,122.4,0.315,16.23,0,0.9446
550,128,0,100,6.38,93.8,0.565,15.35,0,0.9442
551,128,1,100,1.8,44.9,0.768,17.93,0,0.9442
552,128,2,100,2.97,209.8,0.545,14.5,0,0.9442
553,128,3,100,4.19,96.1,0.133,14.38,0,0.9441
554,129,0,100,1.69,84.8,0.421,15.53,0,0.9438
555,129,1,100,5.66,196.1,0.237,14.52,0,0.9437
556,129,2,100,4.52,80.4,0.59,15.8,0,0.9437
557,129,3,100,0.88,104.4,0.356,15.78,0,0.9437
558,130,0,100,1.67,125.2,0.597,18.88,0,0.9433
559,130,1,100,5.82,168.0,0.698,17.66,0,0.9433
560,130,2,100,1.3,124.3,0.322,14.81,0,0.9433
561,130,3,100,3.08,111.2,0.181,13.59,0,0.9433
562,131,0,100,3.1,208.5,0.615,17.21,0,0.9429
563,131,1,100,3.68,174.0,0.619,16.77,0,0.9429
564,131,2,100,2.35,218.7,0.201,12.61,0,0.9429
565,131,3,100,3.5,170.7,0.714,18.46,0,0.9429
566,132,0,100,4.46,43.4,0.672,19.3,0,0.9425
567,132,1,100,2.46,133.0,0.154,14.14,0,0.9425
568,132,2,100,5.93,122.5,0.64,15.92,0,0.9424
569,132,3,100,0.84,168.5,0.871,20.63,0,0.9424
570,133,0,100,1.0,62.3,0.345,16.55,0,0.9421
571,133,1,100,6.34,102.2,0.648,19.02,0,0.942
572,133,2,100,5.94,138.5,0.656,18.89,0,0.942
573,133,3,100,3.13,108.9,0.179,14.34,0,0.942
574,133,4,100,6.15,144.6,0.587,15.33,0,0.942
575,133,5,100,4.99,61.2,0.482,17.06,0,0.942
576,134,0,100,3.03,212.4,0.656,16.48,0,0.9416
577,134,1,100,4.47,171.5,0.553,16.76,0,0.9416
578,134,2,100,1.03,57.7,0.627,17.58,0,0.9415
579,134,3,100,0.95,199.5,0.631,18.36,0,0.9415
580,135,0,100,5.63,120.5,0.607,15.12,0,0.9411
581,135,1,100,0.9,179.3,0.416,15.65,0,0.9411
582,135,2,100,5.63,112.5,0.105,12.37,0,0.9411
583,135,3,100,3.78,214.6,0.749,17.97,0,0.9411
584,136,0,100,4.57,199.3,0.228,15.41,0,0.9407
585,136,1,100,4.64,166.6,0.58,15.84,0,0.9407
586,136,2,100,1.47,115.3,0.73,17.65,0,0.9407
587,136,3,100,2.76,212.0,0.303,13.7,0,0.9407
588,137,0,100,2.81,173.4,0.198,14.77,0,0.9403
589,137,1,100,5.72,122.4,0.105,12.89,0,0.9403
590,137,2,100,4.94,68.5,0.621,16.49,0,0.9402
591,137,3,100,4.98,202.4,0.455,14.85,0,0.9402
592,138,0,100,4.49,119.5,0.625,16.04,0,0.9399
593,138,1,100,2.72,107.1,0.752,21.0,0,0.9398
594,138,2,100,4.05,144.0,0.272,15.77,0,0.9398
595,138,3,100,2.61,54.2,0.293,12.34,0,0.9398
596,139,0,100,4.3,162.2,0.878,17.18,0,0.9394
597,139,1,100,1.04,206.8,0.624,16.36,0,0.9394
598,139,2,100,5.33,203.5,0.315,13.56,0,0.9394
599,139,3,100,1.08,149.0,0.843,18.54,0,0.9394
600,140,0,100,3.84,152.7,0.238,12.43,0,0.939
601,140,1,100,3.23,104.1,0.122,12.46,0,0.939
602,140,2,100,4.38,160.8,0.2,16.02,0,0.939
603,140,3,100,2.39,187.7,0.383,13.11,0,0.9389
604,140,4,100,2.4,67.6,0.152,14.26,0,0.9389
605,140,5,100,4.39,93.3,0.353,14.25,0,0.9389
606,141,0,100,3.38,92.7,0.555,14.98,0,0.9385
607,141,1,100,4.46,82.5,0.122,14.6,0,0.9385
608,141,2,100,1.57,43.8,0.191,13.63,0,0.9385
609,141,3,100,2.67,44.1,0.201,13.59,0,0.9385
610,142,0,100,4.35,47.2,0.249,12.97,0,0.9381
611,142,1,100,2.01,165.6,0.571,18.17,0,0.9381
612,142,2,100,2.4,214.7,0.175,14.96,0,0.9381
613,142,3,100,5.36,194.1,0.782,17.62,0,0.938
614,143,0,100,2.86,80.4,0.309,18.27,0,0.9377
615,143,1,100,3.82,62.1,0.876,19.41,0,0.9376
616,143,2,100,5.45,123.2,0.671,15.1,0,0.9376
617,143,3,100,5.8,176.6,0.347,14.12,0,0.9376
618,144,0,100,4.18,195.5,0.592,17.66,0,0.9372
619,144,1,100,5.1,104.9,0.346,13.3,0,0.9372
620,144,2,100,1.72,116.6,0.271,15.27,0,0.9372
621,144,3,100,4.42,45.7,0.614,19.44,0,0.9372
622,145,0,100,1.62,75.2,0.223,13.2,0,0.9368
623,145,1,100,1.23,200.2,0.318,12.3,0,0.9368
624,145,2,100,2.86,129.4,0.292,14.61,0,0.9368
625,145,3,100,5.55,128.7,0.829,18.65,0,0.9368
626,146,0,100,5.57,163.3,0.679,15.77,0,0.9364
627,146,1,100,6.33,61.3,0.472,15.19,0,0.9364
628,146,2,100,4.08,133.4,0.832,18.17,0,0.9363
629,146,3,100,4.3,171.2,0.24,12.4,0,0.9363
630,147,0,100,4.86,66.0,0.105,11.63,0,0.9359
631,147,1,100,3.74,213.5,0.441,16.99,0,0.9359
632,147,2,100,3.04,98.6,0.352,13.87,0,0.9359
633,147,3,100,5.06,215.3,0.155,15.28,0,0.9359
634,147,4,100,1.21,79.9,0.848,19.33,0,0.9359
635,147,5,100,1.98,215.7,0.547,15.37,0,0.9358
636,148,0,100,4.3,111.4,0.157,12.33,0,0.9355
637,148,1,100,5.41,213.1,0.563,17.75,0,0.9355
638,148,2,100,1.11,190.9,0.496,17.24,0,0.9354
639,148,3,100,2.76,46.2,0.394,13.78,0,0.9354
640,149,0,100,6.07,92.6,0.265,14.47,0,0.935
641,149,1,100,6.1,180.2,0.686,17.57,0,0.935
642,149,2,100,1.71,200.9,0.138,12.13,0,0.935
643,149,3,100,4.56,85.1,0.751,18.01,0,0.935
644,150,0,100,6.2,161.2,0.121,12.37,0,0.9346
645,150,1,100,4.89,115.2,0.105,14.48,0,0.9346
646,150,2,100,2.78,49.0,0.49,20.29,0,0.9346
647,150,3,100,4.12,93.1,0.227,12.38,0,0.9346
648,151,0,100,4.92,117.5,0.727,17.48,0,0.9342
649,151,1,100,3.28,191.3,0.788,18.91,0,0.9342
650,151,2,100,4.91,174.1,0.618,18.74,0,0.9342
651,151,3,100,2.73,202.6,0.514,14.36,0,0.9341
652,152,0,100,4.53,86.6,0.196,13.33,0,0.9338
653,152,1,100,1.98,174.9,0.25,12.68,0,0.9337
654,152,2,100,2.93,60.6,0.346,12.9,0,0.9337
655,152,3,100,1.42,98.8,0.32,12.88,0,0.9337
656,153,0,100,1.57,87.2,0.682,18.84,0,0.9333
657,153,1,100,3.26,78.4,0.133,12.73,0,0.9333
658,153,2,100,3.79,46.6,0.572,13.16,0,0.9333
659,153,3,100,2.59,107.7,0.851,18.9,0,0.9333
660,154,0,100,2.59,106.6,0.293,14.16,0,0.9329
661,154,1,100,5.75,218.5,0.236,14.69,0,0.9329
662,154,2,100,4.67,126.9,0.177,13.21,0,0.9329
663,154,3,100,1.19,139.7,0.852,19.8,0,0.9328
664,154,4,100,2.19,55.3,0.398,16.45,0,0.9328
665,154,5,100,4.6,169.6,0.558,15.56,0,0.9328
666,155,0,100,3.93,98.2,0.498,15.07,0,0.9324
667,155,1,100,1.96,55.0,0.357,15.2,0,0.9324
668,155,2,100,3.96,121.4,0.302,14.01,0,0.9324
669,155,3,100,4.71,156.7,0.336,14.31,0,0.9324
670,156,0,100,1.38,179.2,0.515,19.38,0,0.932
671,156,1,100,5.42,197.3,0.288,17.02,0,0.932
672,156,2,100,6.05,45.8,0.566,17.76,0,0.932
673,156,3,100,2.16,131.0,0.696,17.99,0,0.9319
674,157,0,100,4.33,193.7,0.832,20.03,0,0.9316
675,157,1,100,1.17,64.9,0.52,15.51,0,0.9315
676,157,2,100,2.18,64.0,0.63,17.42,0,0.9315
677,157,3,100,6.34,193.5,0.42,17.07,0,0.9315
678,158,0,100,4.31,49.5,0.719,14.99,0,0.9311
679,158,1,100,5.32,110.6,0.816,16.53,0,0.9311
680,158,2,100,4.41,77.4,0.419,14.75,0,0.9311
681,158,3,100,4.31,99.2,0.556,17.44,0,0.9311
682,159,0,100,5.81,50.1,0.858,19.85,0,0.9307
683,159,1,100,5.06,65.8,0.115,14.22,0,0.9307
684,159,2,100,3.97,64.9,0.155,15.71,0,0.9307
685,159,3,100,2.55,142.9,0.489,15.45,0,0.9306
686,160,0,100,1.5,133.4,0.772,19.08,0,0.9303
687,160,1,100,1.53,77.5,0.358,13.59,0,0.9303
688,160,2,100,6.06,123.2,0.87,19.19,0,0.9302
689,160,3,100,4.65,94.0,0.529,13.61,0,0.9302
690,161,0,100,3.32,180.5,0.671,17.59,0,0.9298
691,161,1,100,3.59,68.2,0.435,15.02,0,0.9298
692,161,2,100,2.21,80.0,0.461,17.41,0,0.9298
693,161,3,100,4.29,57.0,0.141,14.59,0,0.9298
694,161,4,100,4.59,81.2,0.124,13.61,0,0.9298
695,161,5,100,6.2,174.2,0.714,15.8,0,0.9297
696,162,0,100,3.15,111.9,0.845,19.31,0,0.9294
697,162,1,100,6.05,109.0,0.377,12.98,0,0.9294
698,162,2,100,4.7,192.0,0.547,15.17,0,0.9293
699,162,3,100,1.4,120.4,0.354,14.28,0,0.9293
700,163,0,100,1.58,46.9,0.752,18.38,0,0.9289
701,163,1,100,1.14,139.0,0.815,19.6,0,0.9289
702,163,2,100,6.42,148.0,0.766,17.02,0,0.9289
703,163,3,100,6.22,105.9,0.632,16.44,0,0.9289
704,164,0,100,5.42,51.1,0.57,14.98,0,0.9285
705,164,1,100,5.4,156.8,0.249,12.48,0,0.9285
706,164,2,100,5.77,40.7,0.555,18.66,0,0.9285
707,164,3,100,4.8,179.6,0.319,14.24,0,0.9285
708,165,0,100,5.33,200.7,0.181,13.84,0,0.9281
709,165,1,100,4.79,152.5,0.508,17.53,0,0.9281
710,165,2,100,2.97,197.5,0.317,14.16,0,0.9281
711,165,3,100,4.47,173.5,0.526,14.11,0,0.928
712,166,0,100,5.91,192.4,0.522,14.73,0,0.9277
713,166,1,100,5.71,112.7,0.443,16.03,0,0.9276
714,166,2,100,3.87,128.1,0.765,18.14,0,0.9276
715,166,3,100,2.17,142.2,0.741,18.97,0,0.9276
716,167,0,100,1.34,154.8,0.582,14.72,0,0.9272
717,167,1,100,5.34,93.0,0.841,15.96,0,0.9272
718,167,2,100,2.62,90.2,0.646,17.94,0,0.9272
719,167,3,100,5.6,132.3,0.141,12.94,0,0.9272
720,168,0,100,2.06,213.5,0.618,14.91,0,0.9268
721,168,1,100,5.49,62.0,0.594,15.82,0,0.9268
722,168,2,100,5.24,94.1,0.571,16.81,0,0.9268
723,168,3,100,1.93,53.0,0.782,16.0,0,0.9267
724,168,4,100,1.81,60.3,0.199,13.78,0,0.9267
725,168,5,100,5.5,90.9,0.665,16.42,0,0.9267
726,169,0,100,4.54,43.9,0.634,18.39,0,0.9263
727,169,1,100,2.6,61.4,0.726,16.16,0,0.9263
728,169,2,100,5.53,110.6,0.662,19.29,0,0.9263
729,169,3,100,6.19,159.4,0.709,17.98,0,0.9263
730,170,0,100,2.67,133.0,0.834,18.98,0,0.9259
731,170,1,100,5.97,204.4,0.777,18.71,0,0.9259
732,170,2,100,2.84,45.0,0.391,13.45,0,0.9259
733,170,3,100,6.24,68.6,0.626,19.84,0,0.9258
734,171,0,100,3.98,187.7,0.567,14.84,0,0.9255
735,171,1,100,2.36,108.0,0.617,16.6,0,0.9254
736,171,2,100,5.16,69.8,0.579,14.44,0,0.9254
737,171,3,100,6.03,51.3,0.255,12.9,0,0.9254
738,172,0,100,3.39,55.5,0.148,11.17,0,0.925
739,172,1,100,1.5,175.1,0.541,15.74,0,0.925
740,172,2,100,5.17,137.8,0.85,17.95,0,0.925
741,172,3,100,5.05,100.6,0.764,18.86,0,0.925
742,173,0,100,0.9,104.1,0.17,13.47,0,0.9246
743,173,1,100,1.74,62.9,0.733,17.79,0,0.9246
744,173,2,100,1.03,165.1,0.203,15.23,0,0.9246
745,173,3,100,4.73,71.0,0.619,19.59,0,0.9245
746,174,0,100,4.77,199.0,0.662,15.65,0,0.9242
747,174,1,100,1.0,191.7,0.271,14.4,0,0.9242
748,174,2,100,2.25,196.9,0.795,16.5,0,0.9241
749,174,3,100,5.29,181.7,0.746,17.24,0,0.9241
750,175,0,100,0.87,210.2,0.362,15.67,0,0.9237
751,175,1,100,2.97,77.2,0.746,15.73,0,0.9237
752,175,2,100,3.02,218.3,0.89,17.71,0,0.9237
753,175,3,100,1.33,40.9,0.679,16.6,0,0.9237
754,175,4,100,1.04,143.9,0.111,11.02,0,0.9237
755,175,5,100,4.71,62.0,0.298,15.09,0,0.9236
756,176,0,100,5.63,172.3,0.463,18.14,0,0.9233
757,176,1,100,6.23,50.0,0.526,17.11,0,0.9233
758,176,2,100,4.35,173.0,0.803,20.52,0,0.9232
759,176,3,100,1.01,205.5,0.799,20.97,0,0.9232
760,177,0,100,1.14,186.4,0.718,16.39,0,0.9229
761,177,1,100,1.12,148.4,0.518,18.06,0,0.9228
762,177,2,100,2.11,207.2,0.868,19.7,0,0.9228
763,177,3,100,4.58,198.5,0.492,15.84,0,0.9228
764,178,0,100,6.23,218.6,0.188,16.5,0,0.9224
765,178,1,100,6.47,206.5,0.134,12.41,0,0.9224
766,178,2,100,2.03,202.8,0.854,18.81,0,0.9224
767,178,3,100,3.4,95.1,0.865,18.57,0,0.9224
768,179,0,100,2.56,62.7,0.355,16.45,0,0.922
769,179,1,100,4.29,129.7,0.679,18.7,0,0.922
770,179,2,100,1.54,151.9,0.698,19.63,0,0.922
771,179,3,100,5.98,121.1,0.864,16.23,0,0.9219
772,180,0,100,1.46,192.6,0.655,19.01,1,0.9216
773,180,1,100,1.99,44.9,1.0,20.21,1,0.9215
774,180,2,100,5.77,184.1,0.611,16.04,1,0.9215
775,180,3,100,5.21,110.5,0.633,17.69,1,0.9215
776,181,0,100,5.81,45.9,1.0,18.63,1,0.9211
777,181,1,100,3.39,65.5,0.615,17.2,1,0.9211
778,181,2,100,3.41,151.1,0.694,16.32,1,0.9211
779,181,3,100,3.35,77.5,1.0,17.39,1,0.9211
780,182,0,100,4.23,46.1,0.711,18.65,1,0.9207
781,182,1,100,5.73,162.3,0.572,16.19,1,0.9207
782,182,2,100,2.7,150.2,0.377,18.4,1,0.9207
783,182,3,100,3.76,156.1,0.821,18.46,1,0.9206
784,182,4,100,2.64,103.7,0.696,17.78,1,0.9206
785,182,5,100,2.05,214.4,0.51,15.86,1,0.9206
786,183,0,100,6.04,132.6,0.429,13.46,1,0.9202
787,183,1,100,2.84,95.3,0.38,16.05,1,0.9202
788,183,2,100,1.0,125.4,0.944,20.58,1,0.9202
789,183,3,100,1.95,135.0,1.0,19.79,1,0.9202
790,184,0,100,5.62,44.1,0.746,16.41,1,0.9198
791,184,1,100,5.42,43.4,0.524,16.38,1,0.9198
792,184,2,100,4.45,119.6,0.801,19.48,1,0.9198
793,184,3,100,1.46,101.5,0.772,18.85,1,0.9197
794,185,0,100,1.75,89.9,0.537,17.35,1,0.9194
795,185,1,100,4.08,46.4,1.0,22.13,1,0.9194
796,185,2,100,1.4,129.7,0.945,20.41,1,0.9193
797,185,3,100,1.83,183.2,0.505,16.07,1,0.9193
798,186,0,100,3.88,216.9,0.424,12.63,1,0.9189
799,186,1,100,4.91,124.6,0.772,19.03,1,0.9189
800,186,2,100,2.69,116.6,0.403,15.81,1,0.9189
801,186,3,100,3.35,87.7,0.377,13.85,1,0.9189
802,187,0,100,2.91,130.6,1.0,17.39,1,0.9185
803,187,1,100,4.05,61.6,0.595,17.11,1,0.9185
804,187,2,100,4.79,49.5,0.705,17.93,1,0.9185
805,187,3,100,2.04,103.0,0.38,15.88,1,0.9184
806,188,0,100,3.96,204.5,1.0,19.69,1,0.9181
807,188,1,100,2.36,52.3,1.0,20.83,1,0.9181
808,188,2,100,2.05,127.3,1.0,19.08,1,0.918
809,188,3,100,3.59,145.8,1.0,18.28,1,0.918
810,189,0,100,2.17,74.5,0.865,19.6,1,0.9176
811,189,1,100,4.37,114.5,0.605,15.85,1,0.9176
812,189,2,100,2.85,137.3,0.644,17.17,1,0.9176
813,189,3,100,1.37,157.5,1.0,18.58,1,0.9176
814,189,4,100,3.74,211.1,0.87,18.32,1,0.9176
815,189,5,100,2.87,138.5,0.561,18.04,1,0.9175
816,190,0,100,3.62,136.0,0.906,17.41,1,0.9172
817,190,1,100,3.7,64.6,1.0,22.36,1,0.9172
818,190,2,100,4.43,107.1,0.609,16.75,1,0.9171
819,190,3,100,5.99,212.3,0.74,19.85,1,0.9171
820,191,0,100,1.89,168.2,1.0,19.27,1,0.9168
821,191,1,100,1.27,101.8,0.405,16.9,1,0.9167
822,191,2,100,5.79,149.8,0.7,16.65,1,0.9167
823,191,3,100,2.06,203.2,1.0,20.45,1,0.9167
824,192,0,100,6.47,208.5,0.789,18.05,1,0.9163
825,192,1,100,1.48,181.8,0.998,19.36,1,0.9163
826,192,2,100,5.66,172.2,0.999,18.5,1,0.9163
827,192,3,100,4.06,177.3,0.46,15.56,1,0.9163
828,193,0,100,5.11,56.3,0.629,17.29,1,0.9159
829,193,1,100,5.15,139.7,1.0,19.3,1,0.9159
830,193,2,100,6.38,93.7,0.604,16.13,1,0.9159
831,193,3,100,0.93,128.0,0.436,14.59,1,0.9158
832,194,0,100,1.31,41.8,0.984,21.06,1,0.9155
833,194,1,100,2.85,188.8,0.716,19.32,1,0.9154
834,194,2,100,1.04,166.5,0.601,16.45,1,0.9154
835,194,3,100,4.87,105.4,1.0,19.23,1,0.9154
836,195,0,100,4.01,101.9,0.525,18.45,1,0.915
837,195,1,100,6.0,202.8,1.0,18.14,1,0.915
838,195,2,100,4.65,83.5,0.932,17.24,1,0.915
839,195,3,100,2.28,62.6,0.873,19.23,1,0.915
840,196,0,100,2.22,154.3,0.851,16.45,1,0.9146
841,196,1,100,2.53,48.4,0.777,18.85,1,0.9146
842,196,2,100,3.64,96.8,0.36,15.54,1,0.9146
843,196,3,100,3.29,70.3,0.425,13.26,1,0.9145
844,196,4,100,0.99,75.2,0.509,17.16,1,0.9145
845,196,5,100,1.09,179.6,1.0,18.09,1,0.9145
846,197,0,100,4.77,205.6,0.877,20.02,1,0.9141
847,197,1,100,4.26,80.8,0.515,15.32,1,0.9141
848,197,2,100,1.48,175.3,0.706,16.7,1,0.9141
849,197,3,100,5.94,45.0,1.0,20.17,1,0.9141
850,198,0,100,5.38,50.1,0.875,20.38,1,0.9137
851,198,1,100,5.13,212.0,0.52,13.94,1,0.9137
852,198,2,100,4.22,158.8,0.795,18.3,1,0.9137
853,198,3,100,2.01,61.5,0.546,15.47,1,0.9136
854,199,0,100,6.25,46.5,0.465,13.43,1,0.9133
855,199,1,100,2.0,62.1,0.85,18.26,1,0.9133
856,199,2,100,4.92,88.4,0.953,21.76,1,0.9132
857,199,3,100,3.13,102.9,1.0,21.7,1,0.9132
858,200,0,100,3.99,59.2,0.958,19.0,1,0.9128
859,200,1,100,4.73,93.7,0.393,15.69,1,0.9128
860,200,2,100,5.04,207.1,0.497,14.46,1,0.9128
861,200,3,100,5.29,191.0,0.59,14.67,1,0.9128
862,201,0,100,3.42,59.9,0.394,16.82,1,0.9124
863,201,1,100,0.93,201.6,0.494,14.05,1,0.9124
864,201,2,100,3.27,54.0,0.945,20.33,1,0.9124
865,201,3,100,6.37,132.2,1.0,19.5,1,0.9123
866,202,0,100,2.41,98.9,0.854,16.92,1,0.912
867,202,1,100,3.97,171.5,0.416,18.61,1,0.912
868,202,2,100,3.19,82.1,0.453,16.26,1,0.9119
869,202,3,100,1.02,169.4,0.849,21.49,1,0.9119
870,203,0,100,1.28,168.3,0.358,16.7,1,0.9115
871,203,1,100,5.04,56.2,0.399,15.82,1,0.9115
872,203,2,100,4.09,121.6,0.849,18.35,1,0.9115
873,203,3,100,2.09,104.9,0.46,15.77,1,0.9115
874,203,4,100,4.32,40.3,0.374,15.49,1,0.9115
875,203,5,100,3.42,123.9,0.941,18.84,1,0.9114
876,204,0,100,4.81,158.5,0.459,15.51,1,0.9111
877,204,1,100,1.66,159.3,0.453,13.43,1,0.9111
878,204,2,100,2.67,172.2,0.508,14.58,1,0.911
879,204,3,100,1.22,171.6,0.955,20.2,1,0.911
880,205,0,100,2.47,54.1,0.704,18.58,1,0.9107
881,205,1,100,4.9,203.1,0.863,16.26,1,0.9106
882,205,2,100,5.53,55.2,0.418,18.04,1,0.9106
883,205,3,100,2.87,187.5,0.38,15.86,1,0.9106
884,206,0,100,6.19,98.0,0.683,17.81,1,0.9102
885,206,1,100,3.43,209.2,0.508,16.89,1,0.9102
886,206,2,100,2.81,180.9,0.998,18.61,1,0.9102
887,206,3,100,3.82,152.3,1.0,19.65,1,0.9102
888,207,0,100,5.19,56.4,0.402,13.85,1,0.9098
889,207,1,100,4.59,109.8,0.709,19.87,1,0.9098
890,207,2,100,6.19,193.6,0.861,19.3,1,0.9097
891,207,3,100,6.3,71.7,1.0,21.99,1,0.9097
892,208,0,100,4.25,147.0,0.811,19.55,1,0.9094
893,208,1,100,1.76,159.7,0.695,18.91,1,0.9093
894,208,2,100,1.66,159.9,0.559,16.84,1,0.9093
895,208,3,100,2.79,169.9,0.803,18.24,1,0.9093
896,209,0,100,1.07,198.2,0.509,17.81,1,0.9089
897,209,1,100,1.73,86.2,0.935,18.26,1,0.9089
898,209,2,100,2.6,77.2,1.0,20.41,1,0.9089
899,209,3,100,3.01,135.4,0.764,17.14,1,0.9089
900,210,0,100,4.19,187.5,0.774,17.43,1,0.9085
901,210,1,100,5.82,103.8,0.687,17.94,1,0.9085
902,210,2,100,4.78,148.1,0.501,15.59,1,0.9085
903,210,3,100,1.19,114.0,1.0,18.69,1,0.9084
904,210,4,100,4.45,41.8,0.893,20.06,1,0.9084
905,210,5,100,3.6,52.8,0.589,13.86,1,0.9084
906,211,0,100,1.28,169.7,1.0,18.86,1,0.908
907,211,1,100,3.48,128.0,0.784,19.01,1,0.908
908,211,2,100,3.92,148.1,0.367,14.0,1,0.908
909,211,3,100,2.71,116.8,0.922,19.95,1,0.908
910,212,0,100,3.31,107.4,0.667,16.97,1,0.9076
911,212,1,100,5.77,118.5,0.861,17.24,1,0.9076
912,212,2,100,4.36,101.2,0.624,17.41,1,0.9076
913,212,3,100,5.29,47.9,0.357,17.29,1,0.9075
914,213,0,100,2.88,129.4,0.645,17.68,1,0.9072
915,213,1,100,6.32,125.9,1.0,21.07,1,0.9072
916,213,2,100,3.65,123.6,0.935,18.33,1,0.9071
917,213,3,100,1.73,163.6,1.0,18.45,1,0.9071
918,214,0,100,5.76,120.9,0.674,15.59,1,0.9067
919,214,1,100,6.23,114.6,1.0,19.71,1,0.9067
920,214,2,100,3.77,56.6,0.452,16.82,1,0.9067
921,214,3,100,5.4,80.4,1.0,20.18,1,0.9067
922,215,0,100,2.82,197.1,0.372,13.43,1,0.9063
923,215,1,100,3.89,197.3,0.66,16.62,1,0.9063
924,215,2,100,5.61,102.0,1.0,21.72,1,0.9063
925,215,3,100,0.81,64.7,1.0,19.68,1,0.9062
926,216,0,100,4.32,82.8,0.392,15.09,1,0.9059
927,216,1,100,4.18,195.8,0.695,17.12,1,0.9059
928,216,2,100,3.71,59.0,0.664,17.1,1,0.9058
929,216,3,100,4.33,42.7,1.0,19.45,1,0.9058
930,217,0,100,4.74,132.9,0.356,13.94,1,0.9055
931,217,1,100,3.1,138.1,1.0,19.4,1,0.9054
932,217,2,100,3.65,113.1,1.0,20.7,1,0.9054
933,217,3,100,4.61,165.9,1.0,20.81,1,0.9054
934,217,4,100,1.32,127.2,1.0,18.17,1,0.9054
935,217,5,100,4.0,175.8,1.0,21.67,1,0.9053
936,218,0,100,2.36,62.9,0.388,15.08,1,0.905
937,218,1,100,3.84,196.6,0.569,14.86,1,0.905
938,218,2,100,4.64,146.4,0.443,14.02,1,0.9049
939,218,3,100,5.26,154.1,0.921,18.63,1,0.9049
940,219,0,100,1.92,72.9,0.413,14.63,1,0.9045
941,219,1,100,6.2,166.3,0.97,19.98,1,0.9045
942,219,2,100,2.92,91.4,0.867,15.13,1,0.9045
943,219,3,100,1.58,140.0,1.0,18.79,1,0.9045
944,220,0,100,4.29,124.1,0.385,15.42,1,0.9041
945,220,1,100,3.86,215.0,0.48,16.04,1,0.9041
946,220,2,100,4.15,47.0,0.4,17.05,1,0.9041
947,220,3,100,5.23,48.2,1.0,20.62,1,0.9041
948,221,0,100,3.12,111.4,0.758,15.51,1,0.9037
949,221,1,100,6.36,75.5,1.0,22.54,1,0.9037
950,221,2,100,5.68,78.8,1.0,17.43,1,0.9036
951,221,3,100,2.73,102.6,0.525,17.24,1,0.9036
952,222,0,100,3.7,105.2,0.535,17.54,1,0.9033
953,222,1,100,1.81,139.2,0.369,13.59,1,0.9032
954,222,2,100,2.43,182.6,0.479,17.41,1,0.9032
955,222,3,100,5.45,85.3,0.755,18.38,1,0.9032
956,223,0,100,1.97,217.9,1.0,19.46,1,0.9028
957,223,1,100,5.98,137.9,0.96,19.27,1,0.9028
958,223,2,100,2.47,82.8,1.0,20.04,1,0.9028
959,223,3,100,6.43,193.2,0.726,15.83,1,0.9028
960,224,0,100,4.82,176.9,0.717,16.83,1,0.9024
961,224,1,100,1.2,189.9,0.446,15.38,1,0.9024
962,224,2,100,1.1,90.8,0.786,18.7,1,0.9024
963,224,3,100,5.84,218.9,1.0,23.91,1,0.9023
964,224,4,100,2.05,168.6,0.672,17.67,1,0.9023
965,224,5,100,6.1,150.1,0.399,13.26,1,0.9023
966,225,0,100,2.71,87.9,0.916,18.94,1,0.9019
967,225,1,100,5.71,86.6,0.499,18.59,1,0.9019
968,225,2,100,5.9,132.4,0.974,21.9,1,0.9019
969,225,3,100,2.75,83.9,0.449,16.69,1,0.9019
970,226,0,100,6.08,75.0,0.794,19.54,1,0.9015
971,226,1,100,2.61,78.6,0.721,16.74,1,0.9015
972,226,2,100,2.65,114.4,0.602,19.19,1,0.9015
973,226,3,100,5.49,108.6,0.472,15.8,1,0.9014
974,227,0,100,1.52,51.1,0.468,13.23,1,0.9011
975,227,1,100,1.4,134.3,1.0,18.06,1,0.9011
976,227,2,100,1.23,127.6,0.361,15.04,1,0.901
977,227,3,100,4.35,206.1,0.635,17.21,1,0.901
978,228,0,100,2.96,67.3,0.792,17.27,1,0.9006
979,228,1,100,4.62,212.0,0.838,16.44,1,0.9006
980,228,2,100,4.7,75.3,0.952,19.96,1,0.9006
981,228,3,100,3.71,200.5,0.933,15.97,1,0.9006
982,229,0,100,5.0,144.0,0.898,19.72,1,0.9002
983,229,1,100,3.98,101.4,0.531,16.56,1,0.9002
984,229,2,100,3.22,71.9,0.835,19.54,1,0.9002
985,229,3,100,2.61,170.9,0.435,16.58,1,0.9002
986,230,0,100,5.57,138.8,0.857,16.55,1,0.8998
987,230,1,100,5.13,194.5,0.401,13.66,1,0.8998
988,230,2,100,3.14,71.6,0.677,15.97,1,0.8997
989,230,3,100,0.83,75.7,0.591,15.99,1,0.8997
990,231,0,100,4.47,83.9,0.967,19.83,1,0.8993
991,231,1,100,2.39,135.7,0.987,18.24,1,0.8993
992,231,2,100,5.04,142.8,0.582,17.05,1,0.8993
993,231,3,100,6.04,213.3,0.606,18.83,1,0.8993
994,231,4,100,4.36,151.5,0.439,17.65,1,0.8993
995,231,5,100,4.52,188.0,0.856,18.02,1,0.8992
996,232,0,100,1.47,117.8,0.924,18.24,1,0.8989
997,232,1,100,5.4,129.6,0.433,15.98,1,0.8989
998,232,2,100,6.47,178.2,0.386,14.48,1,0.8988
999,232,3,100,1.01,197.7,1.0,19.12,1,0.8988
1000,233,0,100,2.79,91.2,0.936,20.33,1,0.8984
1001,233,1,100,3.83,116.7,0.493,16.02,1,0.8984
1002,233,2,100,5.4,185.0,0.645,18.96,1,0.8984
1003,233,3,100,5.02,125.9,0.929,19.98,1,0.8984
1004,234,0,100,1.96,85.9,1.0,19.9,1,0.898
1005,234,1,100,6.14,102.4,0.803,18.94,1,0.898
1006,234,2,100,2.3,101.9,0.94,19.49,1,0.898
1007,234,3,100,1.55,192.3,1.0,19.37,1,0.898
1008,235,0,100,5.41,121.4,0.962,22.05,1,0.8976
1009,235,1,100,1.06,59.0,0.394,15.08,1,0.8976
1010,235,2,100,5.11,181.7,1.0,16.29,1,0.8975
1011,235,3,100,4.51,185.3,0.351,15.07,1,0.8975
1012,236,0,100,4.63,45.6,0.97,17.66,1,0.8972
1013,236,1,100,2.62,116.9,0.377,16.21,1,0.8971
1014,236,2,100,1.42,187.6,0.489,17.3,1,0.8971
1015,236,3,100,1.19,181.1,1.0,21.06,1,0.8971
1016,237,0,100,5.69,70.5,0.517,15.1,1,0.8967
1017,237,1,100,1.88,80.0,0.88,17.35,1,0.8967
1018,237,2,100,4.21,99.7,0.482,17.52,1,0.8967
1019,237,3,100,1.48,164.2,0.628,15.93,1,0.8967
1020,238,0,100,5.29,69.6,1.0,18.61,1,0.8963
1021,238,1,100,1.87,114.1,1.0,20.91,1,0.8963
1022,238,2,100,5.84,212.1,0.369,14.81,1,0.8963
1023,238,3,100,3.04,153.8,0.988,21.16,1,0.8962
1024,238,4,100,3.58,164.1,0.559,16.62,1,0.8962
1025,238,5,100,1.97,119.5,0.848,19.06,1,0.8962
1026,239,0,100,3.06,63.5,0.525,16.21,1,0.8958
1027,239,1,100,1.55,101.5,0.526,15.67,1,0.8958
1028,239,2,100,1.72,46.4,0.913,19.25,1,0.8958
1029,239,3,100,1.38,69.4,0.368,14.85,1,0.8958
1030,240,0,100,1.8,44.0,0.51,17.65,1,0.8954
1031,240,1,100,6.43,124.8,0.781,16.61,1,0.8954
1032,240,2,100,2.88,41.3,0.566,19.81,1,0.8954
1033,240,3,100,4.21,216.2,0.575,16.01,1,0.8953
1034,241,0,100,5.13,40.9,0.762,15.43,1,0.895
1035,241,1,100,2.91,202.5,0.431,16.12,1,0.8949
1036,241,2,100,2.75,186.2,0.355,14.65,1,0.8949
1037,241,3,100,4.4,90.7,0.675,18.38,1,0.8949
1038,242,0,100,3.71,214.3,0.706,19.96,1,0.8945
1039,242,1,100,4.95,100.3,0.683,17.62,1,0.8945
1040,242,2,100,1.73,202.2,0.964,21.23,1,0.8945
1041,242,3,100,4.84,82.4,1.0,20.25,1,0.8945
1042,243,0,100,6.28,177.8,1.0,23.12,1,0.8941
1043,243,1,100,1.51,125.0,0.664,18.06,1,0.8941
1044,243,2,100,2.57,57.1,1.0,20.59,1,0.8941
1045,243,3,100,4.21,147.8,0.795,19.25,1,0.8941
1046,244,0,100,2.21,152.7,0.949,18.25,1,0.8937
1047,244,1,100,3.22,99.5,0.371,12.87,1,0.8937
1048,244,2,100,3.41,178.4,0.739,18.19,1,0.8936
1049,244,3,100,5.97,201.6,0.419,16.84,1,0.8936
1050,245,0,100,3.91,166.5,1.0,19.23,1,0.8932
1051,245,1,100,5.0,72.1,0.618,14.65,1,0.8932
1052,245,2,100,4.01,110.4,0.785,16.94,1,0.8932
1053,245,3,100,0.93,185.1,0.978,16.59,1,0.8932
1054,245,4,100,3.43,207.1,0.992,20.02,1,0.8932
1055,245,5,100,5.16,67.3,0.701,13.72,1,0.8931
1056,246,0,100,2.27,190.0,0.461,15.53,1,0.8928
1057,246,1,100,4.13,64.1,0.431,18.17,1,0.8928
1058,246,2,100,4.2,82.2,1.0,19.53,1,0.8927
1059,246,3,100,5.65,204.6,0.422,14.31,1,0.8927
1060,247,0,100,4.44,172.1,0.966,20.82,1,0.8923
1061,247,1,100,2.12,57.8,0.804,19.37,1,0.8923
1062,247,2,100,4.12,124.0,0.788,19.49,1,0.8923
1063,247,3,100,3.38,161.7,0.949,17.93,1,0.8923
1064,248,0,100,1.83,120.2,1.0,19.84,1,0.8919
1065,248,1,100,4.22,80.4,0.918,21.1,1,0.8919
1066,248,2,100,3.47,90.8,0.66,17.75,1,0.8919
1067,248,3,100,2.14,116.6,0.633,16.03,1,0.8919
1068,249,0,100,5.8,106.5,1.0,19.09,1,0.8915
1069,249,1,100,1.71,89.0,0.742,19.44,1,0.8915
1070,249,2,100,1.06,40.1,0.765,17.63,1,0.8914
1071,249,3,100,3.25,45.9,0.852,17.08,1,0.8914
1072,250,0,100,1.24,176.8,0.449,16.3,1,0.8911
1073,250,1,100,0.92,216.2,0.718,16.64,1,0.891
1074,250,2,100,2.6,209.8,0.714,16.6,1,0.891
1075,250,3,100,1.3,153.3,0.858,19.0,1,0.891
1076,251,0,100,1.91,50.8,0.579,16.0,1,0.8906
1077,251,1,100,4.15,132.2,0.434,14.84,1,0.8906
1078,251,2,100,1.76,58.0,1.0,21.45,1,0.8906
1079,251,3,100,2.56,121.0,0.9,20.52,1,0.8906
1080,252,0,100,2.27,63.3,1.0,20.6,1,0.8902
1081,252,1,100,6.41,182.4,0.974,18.33,1,0.8902
1082,252,2,100,6.37,158.8,0.457,14.11,1,0.8902
1083,252,3,100,3.74,199.9,1.0,21.05,1,0.8901
1084,252,4,100,6.17,219.9,0.427,14.58,1,0.8901
1085,252,5,100,5.33,145.1,0.856,16.73,1,0.8901
1086,253,0,100,6.25,133.1,0.576,15.43,1,0.8897
1087,253,1,100,4.06,201.6,0.596,14.29,1,0.8897
1088,253,2,100,2.61,148.3,0.434,13.73,1,0.8897
1089,253,3,100,5.26,186.0,0.843,18.46,1,0.8897
1090,254,0,100,4.96,50.0,0.753,17.78,1,0.8893
1091,254,1,100,1.85,125.5,0.553,13.18,1,0.8893
1092,254,2,100,5.58,208.2,1.0,21.04,1,0.8893
1093,254,3,100,3.54,87.7,1.0,19.12,1,0.8892
1094,255,0,100,5.14,64.1,1.0,19.11,1,0.8889
1095,255,1,100,5.4,48.1,0.732,20.44,1,0.8888
1096,255,2,100,5.65,217.0,0.556,16.26,1,0.8888
1097,255,3,100,3.21,77.8,0.847,21.33,1,0.8888
1098,256,0,100,4.45,162.8,0.848,19.5,1,0.8884
1099,256,1,100,0.8,47.5,1.0,21.01,1,0.8884
1100,256,2,100,4.49,175.8,1.0,16.98,1,0.8884
1101,256,3,100,5.99,158.7,0.534,15.52,1,0.8884
1102,257,0,100,1.79,110.6,0.634,16.97,1,0.888
1103,257,1,100,3.42,112.9,0.964,21.12,1,0.888
1104,257,2,100,3.23,80.3,1.0,21.58,1,0.888
1105,257,3,100,1.61,101.8,0.431,17.43,1,0.888
1106,258,0,100,6.36,58.1,1.0,23.68,1,0.8876
1107,258,1,100,5.85,176.2,0.429,13.55,1,0.8876
1108,258,2,100,3.54,159.6,1.0,19.02,1,0.8875
1109,258,3,100,3.62,108.2,0.397,16.02,1,0.8875
1110,259,0,100,4.7,178.2,0.87,21.2,1,0.8871
1111,259,1,100,3.7,108.4,1.0,22.76,1,0.8871
1112,259,2,100,2.92,133.3,0.367,14.89,1,0.8871
1113,259,3,100,1.05,188.8,0.699,17.86,1,0.8871
1114,259,4,100,5.11,104.4,0.85,16.66,1,0.8871
1115,259,5,100,2.14,160.7,1.0,19.47,1,0.8871
1116,260,0,100,5.9,180.7,1.0,21.97,1,0.8867
1117,260,1,100,5.74,134.7,0.928,19.9,1,0.8867
1118,260,2,100,4.42,78.1,0.409,13.17,1,0.8866
1119,260,3,100,4.32,192.9,0.436,15.0,1,0.8866
1120,261,0,100,1.43,68.7,0.523,15.39,0,0.8862
1121,261,1,100,2.69,117.6,0.255,11.93,0,0.8862
1122,261,2,100,2.91,188.5,0.125,13.88,0,0.8862
1123,261,3,100,4.64,108.3,0.819,18.97,0,0.8862
1124,262,0,100,3.97,82.3,0.787,17.3,0,0.8858
1125,262,1,100,0.85,153.5,0.442,16.25,0,0.8858
1126,262,2,100,1.68,218.9,0.231,13.12,0,0.8858
1127,262,3,100,1.11,130.5,0.765,21.53,0,0.8858
1128,263,0,100,3.99,155.5,0.709,20.41,0,0.8854
1129,263,1,100,1.14,139.1,0.367,15.89,0,0.8854
1130,263,2,100,3.45,114.9,0.57,14.24,0,0.8854
1131,263,3,100,4.04,195.9,0.782,16.46,0,0.8853
1132,264,0,100,4.39,67.9,0.698,17.97,0,0.885
1133,264,1,100,3.31,206.6,0.823,19.62,0,0.8849
1134,264,2,100,2.15,142.7,0.433,15.4,0,0.8849
1135,264,3,100,6.43,40.8,0.128,12.84,0,0.8849
1136,265,0,100,6.19,170.0,0.226,12.68,0,0.8845
1137,265,1,100,3.61,102.5,0.233,11.68,0,0.8845
1138,265,2,100,6.48,40.5,0.162,13.02,0,0.8845
1139,265,3,100,5.97,178.4,0.621,17.56,0,0.8845
1140,266,0,100,3.73,215.4,0.42,16.16,0,0.8841
1141,266,1,100,0.86,172.2,0.747,21.63,0,0.8841
1142,266,2,100,5.79,210.0,0.74,20.47,0,0.8841
1143,266,3,100,2.67,214.6,0.358,15.14,0,0.884
1144,266,4,100,6.15,131.7,0.702,15.85,0,0.884
1145,266,5,100,2.63,131.2,0.469,15.41,0,0.884
1146,267,0,100,4.78,179.2,0.784,18.94,0,0.8836
1147,267,1,100,4.75,55.3,0.889,20.02,0,0.8836
1148,267,2,100,2.91,43.5,0.609,14.73,0,0.8836
1149,267,3,100,3.67,198.6,0.234,14.29,0,0.8836
1150,268,0,100,2.92,208.3,0.511,16.19,0,0.8832
1151,268,1,100,1.27,136.6,0.57,15.89,0,0.8832
1152,268,2,100,3.07,48.4,0.454,13.01,0,0.8832
1153,268,3,100,6.05,111.8,0.303,13.66,0,0.8831
1154,269,0,100,1.47,190.7,0.471,18.76,0,0.8828
1155,269,1,100,2.36,56.9,0.373,13.74,0,0.8828
1156,269,2,100,1.09,74.6,0.587,18.17,0,0.8827
1157,269,3,100,1.13,73.5,0.489,15.13,0,0.8827
1158,270,0,100,2.06,107.2,0.558,16.98,0,0.8823
1159,270,1,100,5.44,115.5,0.819,18.29,0,0.8823
1160,270,2,100,3.76,131.7,0.755,19.43,0,0.8823
1161,270,3,100,6.06,140.5,0.747,18.31,0,0.8823
1162,271,0,100,1.65,179.1,0.762,19.35,0,0.8819
1163,271,1,100,3.81,182.9,0.827,18.32,0,0.8819
1164,271,2,100,3.76,69.8,0.59,16.87,0,0.8819
1165,271,3,100,1.35,103.1,0.889,19.51,0,0.8819
1166,272,0,100,1.78,216.7,0.65,18.39,0,0.8815
1167,272,1,100,1.46,75.7,0.473,14.1,0,0.8815
1168,272,2,100,2.43,112.4,0.625,17.45,0,0.8814
1169,272,3,100,1.25,199.5,0.49,17.67,0,0.8814
1170,273,0,100,4.9,191.7,0.836,19.09,0,0.881
1171,273,1,100,5.49,115.9,0.881,18.04,0,0.881
1172,273,2,100,6.03,153.7,0.853,17.29,0,0.881
1173,273,3,100,4.78,71.6,0.545,12.44,0,0.881
1174,273,4,100,1.53,52.3,0.381,12.74,0,0.881
1175,273,5,100,0.82,178.9,0.719,18.95,0,0.881
1176,274,0,100,4.13,188.6,0.161,14.79,0,0.8806
1177,274,1,100,5.27,109.5,0.28,15.12,0,0.8806
1178,274,2,100,5.92,161.9,0.535,17.55,0,0.8805
1179,274,3,100,2.49,79.7,0.709,18.2,0,0.8805
1180,275,0,100,2.5,182.9,0.313,14.62,0,0.8802
1181,275,1,100,4.25,93.2,0.505,16.91,0,0.8801
1182,275,2,100,6.41,210.8,0.509,16.45,0,0.8801
1183,275,3,100,3.69,192.9,0.289,12.51,0,0.8801
1184,276,0,100,2.14,197.3,0.578,16.69,0,0.8797
1185,276,1,100,5.34,184.8,0.507,16.91,0,0.8797
1186,276,2,100,2.47,191.5,0.611,18.23,0,0.8797
1187,276,3,100,2.97,113.1,0.769,19.06,0,0.8797
1188,277,0,100,2.57,82.1,0.656,16.5,0,0.8793
1189,277,1,100,5.84,202.4,0.69,19.92,0,0.8793
1190,277,2,100,2.55,40.7,0.114,12.64,0,0.8792
1191,277,3,100,2.49,65.7,0.313,14.93,0,0.8792
1192,278,0,100,6.5,90.0,0.685,16.68,0,0.8789
1193,278,1,100,5.02,117.6,0.785,17.69,0,0.8788
1194,278,2,100,4.51,130.6,0.432,13.45,0,0.8788
1195,278,3,100,0.82,216.8,0.562,16.95,0,0.8788
1196,279,0,100,2.82,108.9,0.414,14.52,0,0.8784
1197,279,1,100,3.11,178.1,0.137,13.57,0,0.8784
1198,279,2,100,4.5,199.0,0.828,21.95,0,0.8784
1199,279,3,100,1.47,41.5,0.547,14.98,0,0.8784
1200,280,0,100,6.04,67.0,0.134,14.26,0,0.878
1201,280,1,100,1.3,170.3,0.581,19.65,0,0.878
1202,280,2,100,4.21,54.5,0.49,14.92,0,0.878
1203,280,3,100,1.42,121.2,0.386,13.0,0,0.8779
1204,280,4,100,1.18,103.4,0.104,14.12,0,0.8779
1205,280,5,100,2.44,139.9,0.397,15.42,0,0.8779
1206,281,0,100,4.25,109.1,0.318,14.46,0,0.8775
1207,281,1,100,3.96,189.9,0.293,16.53,0,0.8775
1208,281,2,100,3.1,149.0,0.415,16.49,0,0.8775
1209,281,3,100,2.01,145.9,0.357,15.34,0,0.8775
1210,282,0,100,4.27,149.7,0.714,18.4,0,0.8771
1211,282,1,100,5.57,194.5,0.334,15.0,0,0.8771
1212,282,2,100,3.51,191.5,0.789,16.54,0,0.8771
1213,282,3,100,4.7,68.2,0.38,14.72,0,0.877
1214,283,0,100,4.02,141.4,0.711,16.1,0,0.8767
1215,283,1,100,3.15,49.2,0.426,16.84,0,0.8767
1216,283,2,100,0.82,139.3,0.238,15.35,0,0.8766
1217,283,3,100,3.63,80.0,0.869,18.35,0,0.8766
1218,284,0,100,4.91,210.6,0.589,19.48,0,0.8762
1219,284,1,100,2.84,98.1,0.701,17.0,0,0.8762
1220,284,2,100,2.81,133.4,0.404,13.27,0,0.8762
1221,284,3,100,2.81,137.4,0.714,19.89,0,0.8762
1222,285,0,100,2.41,147.7,0.703,19.47,0,0.8758
1223,285,1,100,3.88,61.3,0.251,13.42,0,0.8758
1224,285,2,100,1.21,154.3,0.791,21.06,0,0.8758
1225,285,3,100,1.62,181.6,0.17,13.84,0,0.8758
1226,286,0,100,3.34,184.4,0.484,16.3,0,0.8754
1227,286,1,100,4.47,45.7,0.438,13.82,0,0.8754
1228,286,2,100,4.3,42.4,0.445,16.06,0,0.8753
1229,286,3,100,1.16,62.0,0.576,16.98,0,0.8753
1230,287,0,100,6.16,61.7,0.771,15.8,0,0.875
1231,287,1,100,2.29,199.4,0.199,11.73,0,0.8749
1232,287,2,100,5.16,92.9,0.458,12.56,0,0.8749
1233,287,3,100,4.88,107.4,0.609,16.21,0,0.8749
1234,287,4,100,1.27,91.0,0.561,13.29,0,0.8749
1235,287,5,100,3.84,132.5,0.361,11.66,0,0.8748
1236,288,0,100,3.36,67.4,0.22,12.81,0,0.8745
1237,288,1,100,1.38,96.2,0.528,15.07,0,0.8745
1238,288,2,100,5.79,147.1,0.467,14.74,0,0.8744
1239,288,3,100,3.09,200.6,0.446,15.03,0,0.8744
1240,289,0,100,6.14,122.0,0.118,13.57,0,0.874
1241,289,1,100,4.53,56.3,0.135,11.67,0,0.874
1242,289,2,100,4.19,194.9,0.221,14.92,0,0.874
1243,289,3,100,1.97,126.4,0.771,18.23,0,0.874
1244,290,0,100,2.43,135.3,0.782,16.48,0,0.8736
1245,290,1,100,1.22,67.6,0.185,12.37,0,0.8736
1246,290,2,100,5.47,47.2,0.672,18.8,0,0.8736
1247,290,3,100,5.14,78.6,0.831,16.95,0,0.8736
1248,291,0,100,3.23,56.2,0.646,16.36,0,0.8732
1249,291,1,100,6.27,83.3,0.105,12.17,0,0.8732
1250,291,2,100,4.21,117.1,0.716,19.8,0,0.8731
1251,291,3,100,1.27,102.8,0.134,15.08,0,0.8731
1252,292,0,100,5.94,186.1,0.656,18.29,0,0.8728
1253,292,1,100,4.0,97.5,0.256,15.13,0,0.8727
1254,292,2,100,1.99,186.1,0.223,11.67,0,0.8727
1255,292,3,100,3.8,87.4,0.411,14.07,0,0.8727
1256,293,0,100,2.39,82.6,0.241,15.63,0,0.8723
1257,293,1,100,0.91,119.2,0.187,12.12,0,0.8723
1258,293,2,100,6.41,189.1,0.128,13.02,0,0.8723
1259,293,3,100,4.0,56.0,0.144,14.24,0,0.8723
1260,294,0,100,3.36,81.0,0.612,17.45,0,0.8719
1261,294,1,100,3.65,84.5,0.468,17.0,0,0.8719
1262,294,2,100,2.15,114.5,0.801,18.52,0,0.8719
1263,294,3,100,4.32,181.8,0.605,16.33,0,0.8718
1264,294,4,100,2.15,48.3,0.567,17.93,0,0.8718
1265,294,5,100,2.65,52.1,0.392,14.7,0,0.8718
1266,295,0,100,3.14,183.5,0.658,15.67,0,0.8714
1267,295,1,100,2.82,102.1,0.295,15.4,0,0.8714
1268,295,2,100,1.02,63.8,0.526,17.74,0,0.8714
1269,295,3,100,4.29,178.1,0.524,15.92,0,0.8714
1270,296,0,100,6.27,147.9,0.742,19.53,0,0.871
1271,296,1,100,1.66,72.2,0.291,11.49,0,0.871
1272,296,2,100,1.15,186.3,0.688,15.42,0,0.871
1273,296,3,100,3.38,195.4,0.243,12.3,0,0.8709
1274,297,0,100,5.62,125.8,0.628,17.6,0,0.8706
1275,297,1,100,3.35,77.4,0.745,18.95,0,0.8706
1276,297,2,100,4.34,149.7,0.659,16.47,0,0.8705
1277,297,3,100,5.95,104.9,0.572,16.05,0,0.8705
1278,298,0,100,4.71,201.3,0.133,14.29,0,0.8701
1279,298,1,100,3.27,83.7,0.752,19.25,0,0.8701
1280,298,2,100,5.25,195.0,0.773,19.43,0,0.8701
1281,298,3,100,6.36,41.4,0.253,16.1,0,0.8701
1282,299,0,100,6.18,99.0,0.31,13.4,0,0.8697
1283,299,1,100,5.54,96.6,0.628,16.33,0,0.8697
1284,299,2,100,2.78,174.6,0.164,13.73,0,0.8697
1285,299,3,100,6.21,64.3,0.594,16.15,0,0.8697
1286,300,0,100,1.98,160.4,0.285,14.73,0,0.8693
1287,300,1,100,4.61,114.0,0.19,13.07,0,0.8693
1288,300,2,100,3.32,181.2,0.143,13.48,0,0.8692
1289,300,3,100,3.07,90.6,0.315,13.33,0,0.8692
1290,301,0,100,4.38,60.9,0.294,13.39,0,0.8688
1291,301,1,100,1.68,76.0,0.318,13.37,0,0.8688
1292,301,2,100,5.04,194.6,0.411,15.13,0,0.8688
1293,301,3,100,2.27,218.4,0.602,16.03,0,0.8688
1294,301,4,100,6.36,183.2,0.274,15.98,0,0.8688
1295,301,5,100,5.96,187.2,0.409,15.81,0,0.8687
1296,302,0,100,3.06,131.4,0.563,16.55,0,0.8684
1297,302,1,100,6.48,161.9,0.479,17.47,0,0.8684
1298,302,2,100,4.4,117.7,0.629,17.38,0,0.8683
1299,302,3,100,6.11,121.7,0.707,17.66,0,0.8683
1300,303,0,100,3.63,40.0,0.834,17.69,0,0.8679
1301,303,1,100,3.05,96.7,0.495,15.11,0,0.8679
1302,303,2,100,6.38,43.2,0.631,16.63,0,0.8679
1303,303,3,100,6.28,148.0,0.365,15.54,0,0.8679
1304,304,0,100,2.05,138.4,0.385,15.2,0,0.8675
1305,304,1,100,3.54,212.3,0.197,13.71,0,0.8675
1306,304,2,100,3.65,141.4,0.409,13.3,0,0.8675
1307,304,3,100,5.45,81.3,0.429,15.35,0,0.8675
1308,305,0,100,2.06,214.9,0.733,19.62,0,0.8671
1309,305,1,100,3.88,146.9,0.504,13.64,0,0.8671
1310,305,2,100,2.79,87.3,0.892,18.21,0,0.867
1311,305,3,100,4.07,180.6,0.806,18.55,0,0.867
1312,306,0,100,1.82,133.8,0.86,19.3,0,0.8667
1313,306,1,100,3.51,154.1,0.313,12.81,0,0.8666
1314,306,2,100,5.39,141.7,0.738,18.68,0,0.8666
1315,306,3,100,1.97,43.6,0.287,11.8,0,0.8666
1316,307,0,100,2.84,130.3,0.726,18.24,0,0.8662
1317,307,1,100,3.11,197.6,0.191,12.88,0,0.8662
1318,307,2,100,4.18,155.7,0.552,17.18,0,0.8662
1319,307,3,100,5.73,215.6,0.846,20.25,0,0.8662
1320,308,0,100,3.03,61.3,0.549,15.81,0,0.8658
1321,308,1,100,6.37,127.1,0.402,15.07,0,0.8658
1322,308,2,100,0.98,90.4,0.401,17.4,0,0.8658
1323,308,3,100,5.19,194.1,0.219,11.54,0,0.8657
1324,308,4,100,6.26,216.3,0.683,18.45,0,0.8657
1325,308,5,100,1.52,180.6,0.625,15.99,0,0.8657
1326,309,0,100,4.37,171.3,0.556,16.31,0,0.8653
1327,309,1,100,5.78,87.1,0.547,18.51,0,0.8653
1328,309,2,100,1.67,124.9,0.652,16.89,0,0.8653
1329,309,3,100,4.67,199.8,0.195,12.11,0,0.8653
1330,310,0,100,1.91,124.4,0.373,13.73,0,0.8649
1331,310,1,100,1.5,202.2,0.76,19.52,0,0.8649
1332,310,2,100,3.5,216.3,0.15,13.31,0,0.8649
1333,310,3,100,2.33,59.1,0.679,14.54,0,0.8648
1334,311,0,100,3.23,51.8,0.187,12.41,0,0.8645
1335,311,1,100,2.37,151.1,0.443,17.03,0,0.8644
1336,311,2,100,5.45,156.6,0.523,17.28,0,0.8644
1337,311,3,100,2.01,78.6,0.804,20.8,0,0.8644
1338,312,0,100,3.24,195.9,0.421,14.92,0,0.864
1339,312,1,100,2.95,140.0,0.475,16.96,0,0.864
1340,312,2,100,1.1,74.7,0.145,11.8,0,0.864
1341,312,3,100,5.55,116.6,0.15,15.42,0,0.864
1342,313,0,100,4.17,126.9,0.601,19.82,0,0.8636
1343,313,1,100,2.18,118.6,0.77,19.61,0,0.8636
1344,313,2,100,1.63,89.3,0.497,17.8,0,0.8636
1345,313,3,100,0.85,106.1,0.615,18.56,0,0.8635
1346,314,0,100,3.62,60.7,0.583,17.66,0,0.8632
1347,314,1,100,5.82,178.4,0.363,14.82,0,0.8632
1348,314,2,100,2.86,65.9,0.771,19.83,0,0.8631
1349,314,3,100,2.5,67.0,0.467,14.48,0,0.8631
1350,315,0,100,5.1,81.2,0.772,17.31,0,0.8628
1351,315,1,100,5.59,65.9,0.318,14.21,0,0.8627
1352,315,2,100,4.2,199.6,0.468,15.93,0,0.8627
1353,315,3,100,3.39,52.3,0.102,10.78,0,0.8627
1354,315,4,100,4.15,115.5,0.719,14.7,0,0.8627
1355,315,5,100,2.06,143.7,0.726,16.99,0,0.8627
1356,316,0,100,1.34,125.3,0.273,14.25,0,0.8623
1357,316,1,100,1.46,185.3,0.707,19.11,0,0.8623
1358,316,2,100,5.94,201.6,0.649,18.79,0,0.8622
1359,316,3,100,1.42,214.8,0.29,14.51,0,0.8622
1360,317,0,100,2.14,92.2,0.782,17.91,0,0.8619
1361,317,1,100,2.66,149.0,0.879,19.94,0,0.8618
1362,317,2,100,5.58,187.9,0.681,14.72,0,0.8618
1363,317,3,100,2.11,146.7,0.853,19.55,0,0.8618
1364,318,0,100,1.22,161.1,0.329,15.37,0,0.8614
1365,318,1,100,6.04,100.0,0.183,13.61,0,0.8614
1366,318,2,100,4.13,201.3,0.761,17.59,0,0.8614
1367,318,3,100,4.97,217.2,0.473,14.3,0,0.8614
1368,319,0,100,5.12,118.0,0.659,16.82,0,0.861
1369,319,1,100,1.4,194.9,0.506,16.47,0,0.861
1370,319,2,100,2.68,59.2,0.453,14.1,0,0.8609
1371,319,3,100,5.64,55.4,0.384,14.51,0,0.8609
1372,320,0,100,4.3,207.8,0.429,15.57,0,0.8606
1373,320,1,100,5.72,186.4,0.242,11.97,0,0.8605
1374,320,2,100,4.37,192.7,0.569,12.23,0,0.8605
1375,320,3,100,3.81,210.2,0.102,11.49,0,0.8605
1376,321,0,100,2.73,124.5,0.223,9.67,0,0.8601
1377,321,1,100,2.92,119.8,0.818,17.22,0,0.8601
1378,321,2,100,3.1,120.5,0.813,16.77,0,0.8601
1379,321,3,100,4.14,165.5,0.877,19.08,0,0.8601
1380,322,0,100,6.37,201.7,0.5,14.44,0,0.8597
1381,322,1,100,5.43,110.4,0.694,16.73,0,0.8597
1382,322,2,100,6.18,162.5,0.768,18.76,0,0.8597
1383,322,3,100,5.17,130.3,0.689,17.03,0,0.8596
1384,322,4,100,6.46,200.0,0.124,12.15,0,0.8596
1385,322,5,100,3.45,80.9,0.141,10.81,0,0.8596
1386,323,0,100,1.86,84.0,0.166,15.27,0,0.8592
1387,323,1,100,5.01,94.9,0.777,20.5,0,0.8592
1388,323,2,100,4.79,165.5,0.221,15.22,0,0.8592
1389,323,3,100,5.75,113.3,0.297,13.73,0,0.8592
1390,324,0,100,5.4,58.7,0.625,16.15,0,0.8588
1391,324,1,100,4.23,156.7,0.153,14.03,0,0.8588
1392,324,2,100,3.97,83.2,0.196,13.1,0,0.8588
1393,324,3,100,2.25,174.3,0.299,14.58,0,0.8587
1394,325,0,100,4.28,218.6,0.782,16.65,0,0.8584
1395,325,1,100,1.47,149.9,0.228,10.87,0,0.8583
1396,325,2,100,4.75,127.7,0.155,12.02,0,0.8583
1397,325,3,100,1.43,69.0,0.501,16.36,0,0.8583
1398,326,0,100,2.15,151.5,0.411,15.52,0,0.8579
1399,326,1,100,3.49,128.3,0.706,16.13,0,0.8579
1400,326,2,100,2.36,108.1,0.674,14.62,0,0.8579
1401,326,3,100,6.23,50.8,0.484,14.18,0,0.8579
1402,327,0,100,4.99,58.6,0.382,15.3,0,0.8575
1403,327,1,100,4.31,87.6,0.485,15.06,0,0.8575
1404,327,2,100,5.72,73.9,0.79,15.55,0,0.8575
1405,327,3,100,4.54,68.4,0.686,19.05,0,0.8575
1406,328,0,100,2.98,137.0,0.286,13.16,0,0.8571
1407,328,1,100,2.15,175.5,0.554,16.29,0,0.8571
1408,328,2,100,5.49,201.0,0.158,13.99,0,0.857
1409,328,3,100,3.46,95.6,0.458,14.32,0,0.857
1410,329,0,100,5.46,166.6,0.128,12.2,0,0.8567
1411,329,1,100,2.94,194.5,0.617,16.27,0,0.8566
1412,329,2,100,4.39,113.8,0.612,13.99,0,0.8566
1413,329,3,100,0.82,147.5,0.625,16.12,0,0.8566
1414,329,4,100,3.31,135.6,0.575,16.25,0,0.8566
1415,329,5,100,5.53,115.8,0.477,13.53,0,0.8566
1416,330,0,100,3.71,165.4,0.853,18.08,0,0.8562
1417,330,1,100,1.06,79.5,0.853,16.31,0,0.8562
1418,330,2,100,1.14,206.8,0.701,15.2,0,0.8561
1419,330,3,100,4.02,141.0,0.886,18.67,0,0.8561
1420,331,0,100,5.56,101.1,0.133,10.36,0,0.8558
1421,331,1,100,6.27,141.5,0.526,14.88,0,0.8557
1422,331,2,100,4.81,202.6,0.754,17.07,0,0.8557
1423,331,3,100,3.61,57.2,0.232,13.83,0,0.8557
1424,332,0,100,1.24,54.2,0.302,16.3,0,0.8553
1425,332,1,100,0.84,103.6,0.861,20.57,0,0.8553
1426,332,2,100,3.49,173.9,0.328,14.58,0,0.8553
1427,332,3,100,0.84,114.9,0.556,16.34,0,0.8553
1428,333,0,100,5.57,60.2,0.863,19.31,0,0.8549
1429,333,1,100,6.14,100.7,0.254,14.42,0,0.8549
1430,333,2,100,3.48,105.2,0.557,16.24,0,0.8548
1431,333,3,100,1.85,145.0,0.815,17.68,0,0.8548
1432,334,0,100,2.74,72.5,0.252,12.01,0,0.8545
1433,334,1,100,2.28,155.1,0.356,12.4,0,0.8544
1434,334,2,100,3.77,110.0,0.306,15.33,0,0.8544
1435,334,3,100,3.7,96.3,0.649,19.49,0,0.8544
1436,335,0,100,3.71,59.2,0.798,18.1,0,0.854
1437,335,1,100,5.47,64.0,0.868,19.95,0,0.854
1438,335,2,100,1.94,214.6,0.331,18.12,0,0.854
1439,335,3,100,0.89,201.6,0.389,18.45,0,0.854
1440,336,0,100,4.84,144.9,0.721,20.43,0,0.8536
1441,336,1,100,1.57,130.1,0.496,11.77,0,0.8536
1442,336,2,100,4.65,114.7,0.129,13.95,0,0.8536
1443,336,3,100,3.55,107.6,0.617,16.76,0,0.8535
1444,336,4,100,5.53,42.7,0.465,17.28,0,0.8535
1445,336,5,100,3.75,110.4,0.769,19.25,0,0.8535
1446,337,0,100,4.67,96.8,0.132,10.84,0,0.8531
1447,337,1,100,2.18,164.5,0.459,17.63,0,0.8531
1448,337,2,100,5.71,104.0,0.604,14.87,0,0.8531
1449,337,3,100,4.86,201.8,0.394,16.8,0,0.8531
1450,338,0,100,4.87,48.3,0.577,16.41,0,0.8527
1451,338,1,100,0.91,53.6,0.433,16.71,0,0.8527
1452,338,2,100,2.29,174.2,0.507,15.29,0,0.8527
1453,338,3,100,3.22,184.3,0.644,15.49,0,0.8526
1454,339,0,100,2.02,180.3,0.683,17.02,0,0.8523
1455,339,1,100,4.01,140.8,0.403,13.59,0,0.8522
1456,339,2,100,1.0,196.2,0.727,18.49,0,0.8522
1457,339,3,100,1.65,176.5,0.221,11.98,0,0.8522
1458,340,0,100,6.4,133.8,0.459,15.83,0,0.8518
1459,340,1,100,4.09,189.2,0.617,14.42,0,0.8518
1460,340,2,100,4.99,141.5,0.614,15.6,0,0.8518
1461,340,3,100,2.2,77.9,0.512,17.07,0,0.8518
1462,341,0,100,4.99,153.3,0.835,18.61,0,0.8514
1463,341,1,100,3.92,77.6,0.26,14.84,0,0.8514
1464,341,2,100,1.03,103.9,0.253,14.66,0,0.8514
1465,341,3,100,6.03,199.2,0.122,13.03,0,0.8514
1466,342,0,100,5.8,135.1,0.557,17.37,0,0.851
1467,342,1,100,2.76,61.1,0.782,16.37,0,0.851
1468,342,2,100,2.61,169.2,0.891,17.19,0,0.8509
1469,342,3,100,2.71,82.1,0.249,13.4,0,0.8509
1470,343,0,100,2.26,85.1,0.749,18.73,0,0.8506
1471,343,1,100,6.11,122.7,0.831,20.22,0,0.8505
1472,343,2,100,4.79,165.4,0.789,19.19,0,0.8505
1473,343,3,100,3.59,41.1,0.198,12.46,0,0.8505
1474,343,4,100,4.81,41.5,0.661,18.48,0,0.8505
1475,343,5,100,3.42,208.4,0.416,16.12,0,0.8505
1476,344,0,100,4.33,116.1,0.473,15.27,0,0.8501
1477,344,1,100,1.41,83.4,0.69,17.76,0,0.8501
1478,344,2,100,2.85,168.1,0.686,18.29,0,0.85
1479,344,3,100,3.52,208.7,0.624,15.1,0,0.85
1480,345,0,100,4.87,189.5,0.638,16.12,0,0.8497
1481,345,1,100,6.0,116.5,0.427,15.22,0,0.8496
1482,345,2,100,1.08,108.0,0.701,18.72,0,0.8496
1483,345,3,100,4.61,202.2,0.343,15.06,0,0.8496
1484,346,0,100,5.54,180.1,0.127,13.41,0,0.8492
1485,346,1,100,5.88,98.2,0.175,13.48,0,0.8492
1486,346,2,100,4.94,144.1,0.561,16.99,0,0.8492
1487,346,3,100,4.36,189.1,0.389,16.88,0,0.8492
1488,347,0,100,5.39,52.9,0.404,15.53,0,0.8488
1489,347,1,100,2.9,140.4,0.816,17.04,0,0.8488
1490,347,2,100,2.1,75.9,0.348,19.54,0,0.8487
1491,347,3,100,0.96,216.1,0.365,14.73,0,0.8487
1492,348,0,100,1.88,139.0,0.71,19.91,0,0.8484
1493,348,1,100,2.48,80.5,0.11,12.84,0,0.8483
1494,348,2,100,5.98,93.6,0.248,14.8,0,0.8483
1495,348,3,100,3.14,156.4,0.713,16.14,0,0.8483
1496,349,0,100,0.94,158.2,0.47,16.95,0,0.8479
1497,349,1,100,1.57,218.9,0.401,15.47,0,0.8479
1498,349,2,100,3.56,138.4,0.367,14.55,0,0.8479
1499,349,3,100,4.88,186.9,0.763,18.58,0,0.8479
1500,350,0,100,4.73,57.9,0.856,16.78,0,0.8475
1501,350,1,100,6.25,208.5,0.126,12.13,0,0.8475
1502,350,2,100,1.22,217.9,0.187,13.1,0,0.8475
1503,350,3,100,5.46,198.8,0.829,17.34,0,0.8474
1504,350,4,100,1.45,58.2,0.557,16.96,0,0.8474
1505,350,5,100,4.32,155.1,0.653,17.4,0,0.8474
1506,351,0,100,4.98,204.7,0.59,15.99,0,0.847
1507,351,1,100,5.14,111.5,0.325,13.49,0,0.847
1508,351,2,100,3.07,187.0,0.496,15.15,0,0.847
1509,351,3,100,3.08,142.6,0.897,18.79,0,0.847
1510,352,0,100,5.44,60.1,0.528,17.7,0,0.8466
1511,352,1,100,3.89,128.5,0.811,20.08,0,0.8466
1512,352,2,100,6.02,102.2,0.648,19.14,0,0.8466
1513,352,3,100,1.79,119.2,0.324,13.59,0,0.8465
1514,353,0,100,6.2,218.3,0.252,15.6,0,0.8462
1515,353,1,100,4.77,62.7,0.27,14.93,0,0.8461
1516,353,2,100,4.91,87.7,0.103,13.23,0,0.8461
1517,353,3,100,1.01,60.0,0.248,12.85,0,0.8461
1518,354,0,100,3.3,162.5,0.193,10.65,0,0.8457
1519,354,1,100,4.9,161.7,0.468,13.7,0,0.8457
1520,354,2,100,2.27,57.0,0.438,15.47,0,0.8457
1521,354,3,100,2.52,218.5,0.237,14.05,0,0.8457
1522,355,0,100,5.1,49.2,0.855,19.44,0,0.8453
1523,355,1,100,0.92,64.8,0.673,16.56,0,0.8453
1524,355,2,100,5.14,144.9,0.76,16.6,0,0.8453
1525,355,3,100,1.63,213.1,0.562,14.51,0,0.8453
1526,356,0,100,5.61,81.9,0.339,17.37,0,0.8449
1527,356,1,100,3.54,78.1,0.675,16.72,0,0.8449
1528,356,2,100,1.84,53.4,0.547,16.32,0,0.8448
1529,356,3,100,1.4,157.1,0.734,17.46,0,0.8448
1530,357,0,100,1.61,181.5,0.351,15.4,0,0.8445
1531,357,1,100,5.78,157.9,0.315,13.56,0,0.8444
1532,357,2,100,1.66,175.6,0.777,17.01,0,0.8444
1533,357,3,100,5.27,129.8,0.536,17.66,0,0.8444
1534,357,4,100,2.56,219.8,0.509,17.96,0,0.8444
1535,357,5,100,2.75,121.5,0.247,13.87,0,0.8444
1536,358,0,100,3.96,105.8,0.318,16.41,0,0.844
1537,358,1,100,2.8,130.5,0.169,11.54,0,0.844
1538,358,2,100,2.06,47.8,0.13,13.54,0,0.8439
1539,358,3,100,3.8,115.7,0.851,20.08,0,0.8439
1540,359,0,100,5.05,211.7,0.801,18.23,0,0.8435
1541,359,1,100,4.36,170.6,0.2,13.66,0,0.8435
1542,359,2,100,1.2,194.8,0.418,15.83,0,0.8435
1543,359,3,100,3.61,216.5,0.398,14.73,0,0.8435
1544,360,0,100,5.38,149.6,0.359,15.59,0,0.8431
1545,360,1,100,4.03,150.2,0.892,18.75,0,0.8431
1546,360,2,100,2.83,89.8,0.708,17.51,0,0.8431
1547,360,3,100,4.95,151.3,0.663,14.8,0,0.8431
1548,361,0,100,2.3,73.5,0.101,14.72,0,0.8427
1549,361,1,100,0.93,73.3,0.307,13.59,0,0.8427
1550,361,2,100,3.35,66.8,0.858,17.86,0,0.8427
1551,361,3,100,4.52,132.1,0.55,16.35,0,0.8426
1552,362,0,100,1.26,194.3,0.256,18.53,0,0.8423
1553,362,1,100,1.36,90.2,0.397,14.3,0,0.8422
1554,362,2,100,5.05,79.8,0.142,14.45,0,0.8422
1555,362,3,100,6.16,205.9,0.112,12.07,0,0.8422
1556,363,0,100,3.82,98.7,0.581,16.55,0,0.8418
1557,363,1,100,1.84,72.5,0.776,19.86,0,0.8418
1558,363,2,100,3.09,207.6,0.498,13.76,0,0.8418
1559,363,3,100,1.85,188.3,0.634,13.79,0,0.8418
1560,364,0,100,5.53,122.3,0.68,17.48,0,0.8414
1561,364,1,100,4.43,43.7,0.392,16.4,0,0.8414
1562,364,2,100,4.39,201.3,0.47,15.97,0,0.8414
1563,364,3,100,3.7,141.6,0.543,17.53,0,0.8413
1564,364,4,100,5.1,143.0,0.586,14.77,0,0.8413
1565,364,5,100,4.21,194.7,0.813,17.84,0,0.8413
1566,365,0,100,3.55,177.5,0.384,16.43,0,0.8409
1567,365,1,100,3.56,47.8,0.723,16.22,0,0.8409
1568,365,2,100,1.48,182.9,0.496,17.87,0,0.8409
1569,365,3,100,3.63,190.9,0.595,15.51,0,0.8409
1570,366,0,100,4.92,117.2,0.132,12.23,0,0.8405
1571,366,1,100,1.21,169.2,0.858,21.29,0,0.8405
1572,366,2,100,5.8,124.3,0.517,14.33,0,0.8405
1573,366,3,100,2.52,203.1,0.739,18.37,0,0.8404
1574,367,0,100,4.56,100.0,0.464,15.11,0,0.8401
1575,367,1,100,2.24,193.9,0.642,18.7,0,0.8401
1576,367,2,100,4.54,109.1,0.292,12.05,0,0.84
1577,367,3,100,2.14,136.2,0.652,18.21,0,0.84
1578,368,0,100,3.38,71.0,0.296,11.89,0,0.8396
1579,368,1,100,6.32,212.3,0.753,18.29,0,0.8396
1580,368,2,100,4.74,193.8,0.773,17.54,0,0.8396
1581,368,3,100,3.94,57.5,0.809,18.41,0,0.8396
1582,369,0,100,5.56,197.2,0.471,17.2,0,0.8392
1583,369,1,100,3.88,163.6,0.161,12.83,0,0.8392
1584,369,2,100,2.24,92.7,0.239,13.33,0,0.8392
1585,369,3,100,1.81,207.2,0.193,11.86,0,0.8392
1586,370,0,100,3.7,131.2,0.642,17.47,0,0.8388
1587,370,1,100,3.87,41.2,0.327,13.21,0,0.8388
1588,370,2,100,4.08,192.2,0.424,13.95,0,0.8387
1589,370,3,100,4.01,145.4,0.336,12.54,0,0.8387
1590,371,0,100,2.89,143.4,0.48,16.28,0,0.8383
1591,371,1,100,5.68,153.5,0.499,15.56,0,0.8383
1592,371,2,100,1.49,107.9,0.348,12.85,0,0.8383
1593,371,3,100,1.58,207.4,0.208,16.71,0,0.8383
1594,371,4,100,4.85,184.3,0.16,14.26,0,0.8383
1595,371,5,100,2.22,96.4,0.887,21.7,0,0.8382
1596,372,0,100,4.96,188.1,0.194,13.86,0,0.8379
1597,372,1,100,2.77,183.2,0.271,13.43,0,0.8379
1598,372,2,100,0.88,117.6,0.351,15.16,0,0.8378
1599,372,3,100,3.67,186.1,0.786,17.86,0,0.8378
1600,373,0,100,2.79,121.1,0.727,16.38,0,0.8375
1601,373,1,100,1.54,64.7,0.862,20.42,0,0.8374
1602,373,2,100,3.35,63.7,0.404,14.73,0,0.8374
1603,373,3,100,3.2,152.7,0.274,13.84,0,0.8374
1604,374,0,100,4.72,47.2,0.664,16.93,0,0.837
1605,374,1,100,1.29,146.9,0.383,13.72,0,0.837
1606,374,2,100,1.94,186.0,0.633,18.5,0,0.837
1607,374,3,100,4.26,84.4,0.384,16.32,0,0.837
1608,375,0,100,1.09,203.7,0.115,15.33,0,0.8366
1609,375,1,100,2.33,142.9,0.299,15.99,0,0.8366
1610,375,2,100,2.6,97.9,0.294,14.52,0,0.8366
1611,375,3,100,5.57,180.7,0.472,15.51,0,0.8365
1612,376,0,100,2.84,144.5,0.523,16.72,0,0.8362
1613,376,1,100,2.52,219.7,0.265,14.18,0,0.8361
1614,376,2,100,4.05,97.9,0.187,11.04,0,0.8361
1615,376,3,100,6.45,209.1,0.204,13.57,0,0.8361
1616,377,0,100,5.76,190.0,0.54,14.1,0,0.8357
1617,377,1,100,4.71,95.5,0.331,16.08,0,0.8357
1618,377,2,100,3.07,43.7,0.708,18.41,0,0.8357
1619,377,3,100,0.99,216.8,0.275,15.32,0,0.8357
1620,378,0,100,1.99,126.3,0.366,11.35,0,0.8353
1621,378,1,100,5.68,70.4,0.718,16.94,0,0.8353
1622,378,2,100,6.19,80.3,0.741,16.08,0,0.8353
1623,378,3,100,3.38,126.5,0.324,14.67,0,0.8352
1624,378,4,100,5.72,210.4,0.333,13.44,0,0.8352
1625,378,5,100,2.62,42.4,0.461,18.19,0,0.8352
1626,379,0,100,3.7,214.2,0.735,17.26,0,0.8348
1627,379,1,100,3.93,173.0,0.861,17.42,0,0.8348
1628,379,2,100,5.73,156.2,0.333,16.0,0,0.8348
1629,379,3,100,2.92,117.2,0.592,15.31,0,0.8348
1630,380,0,100,1.62,142.6,0.842,20.6,0,0.8344
1631,380,1,100,1.13,57.6,0.561,13.84,0,0.8344
1632,380,2,100,2.64,215.3,0.737,16.96,0,0.8344
1633,380,3,100,1.8,182.8,0.884,19.62,0,0.8343
1634,381,0,100,5.96,210.2,0.262,14.85,0,0.834
1635,381,1,100,5.13,219.6,0.711,16.49,0,0.834
1636,381,2,100,6.14,130.3,0.406,16.09,0,0.8339
1637,381,3,100,1.5,207.1,0.113,12.38,0,0.8339
1638,382,0,100,4.97,52.2,0.122,11.44,0,0.8335
1639,382,1,100,5.55,86.2,0.388,15.71,0,0.8335
1640,382,2,100,4.95,63.1,0.851,16.83,0,0.8335
1641,382,3,100,3.06,197.6,0.833,17.8,0,0.8335
1642,383,0,100,3.69,40.8,0.111,13.11,0,0.8331
1643,383,1,100,5.95,188.3,0.332,15.01,0,0.8331
1644,383,2,100,5.41,44.6,0.401,11.85,0,0.8331
1645,383,3,100,3.64,134.4,0.124,13.26,0,0.833
1646,384,0,100,1.83,150.1,0.876,21.61,0,0.8327
1647,384,1,100,1.14,117.2,0.19,17.77,0,0.8327
1648,384,2,100,2.51,42.0,0.572,14.9,0,0.8326
1649,384,3,100,2.87,141.5,0.649,15.88,0,0.8326
1650,385,0,100,0.83,210.3,0.225,12.87,0,0.8322
1651,385,1,100,1.55,178.1,0.629,15.62,0,0.8322
1652,385,2,100,6.49,189.6,0.592,15.99,0,0.8322
1653,385,3,100,3.5,73.4,0.643,16.95,0,0.8322
1654,385,4,100,1.11,77.0,0.705,16.14,0,0.8322
1655,385,5,100,2.18,157.8,0.714,18.3,0,0.8321
1656,386,0,100,1.42,146.8,0.859,17.04,0,0.8318
1657,386,1,100,4.76,54.7,0.573,15.85,0,0.8318
1658,386,2,100,6.41,120.7,0.221,14.62,0,0.8317
1659,386,3,100,2.17,70.6,0.7,17.47,0,0.8317
1660,387,0,100,5.96,141.6,0.746,17.03,0,0.8314
1661,387,1,100,4.79,172.6,0.462,14.91,0,0.8313
1662,387,2,100,1.7,82.7,0.435,13.65,0,0.8313
1663,387,3,100,2.65,147.1,0.679,18.49,0,0.8313
1664,388,0,100,1.43,82.0,0.294,14.96,0,0.8309
1665,388,1,100,2.28,43.1,0.482,18.07,0,0.8309
1666,388,2,100,4.81,40.5,0.634,16.6,0,0.8309
1667,388,3,100,5.99,129.3,0.264,14.68,0,0.8309
1668,389,0,100,2.89,119.6,0.447,17.17,0,0.8305
1669,389,1,100,6.39,147.9,0.193,14.24,0,0.8305
1670,389,2,100,4.13,83.9,0.808,16.77,0,0.8305
1671,389,3,100,2.04,172.2,0.215,12.31,0,0.8304
1672,390,0,100,5.84,159.9,0.787,19.94,0,0.8301
1673,390,1,100,3.08,110.6,0.319,16.42,0,0.83
1674,390,2,100,3.04,168.9,0.757,19.7,0,0.83
1675,390,3,100,2.99,118.8,0.813,19.05,0,0.83
1676,391,0,100,1.05,189.1,0.512,16.28,0,0.8296
1677,391,1,100,0.85,65.7,0.648,20.12,0,0.8296
1678,391,2,100,4.33,84.5,0.439,11.87,0,0.8296
1679,391,3,100,3.67,201.5,0.5,16.67,0,0.8296
1680,392,0,100,3.52,214.7,0.186,14.22,0,0.8292
1681,392,1,100,0.97,99.3,0.692,21.31,0,0.8292
1682,392,2,100,1.91,110.7,0.577,17.15,0,0.8292
1683,392,3,100,3.21,197.5,0.792,20.2,0,0.8291
1684,392,4,100,4.81,169.5,0.477,16.04,0,0.8291
1685,392,5,100,5.51,119.0,0.629,16.04,0,0.8291
1686,393,0,100,6.14,175.2,0.104,12.97,0,0.8287
1687,393,1,100,5.7,51.8,0.556,13.97,0,0.8287
1688,393,2,100,4.82,193.1,0.537,18.13,0,0.8287
1689,393,3,100,2.25,191.0,0.171,13.77,0,0.8287
1690,394,0,100,5.85,168.2,0.275,13.13,0,0.8283
1691,394,1,100,3.98,146.4,0.388,13.86,0,0.8283
1692,394,2,100,6.39,134.8,0.309,14.23,0,0.8283
1693,394,3,100,2.08,51.9,0.414,14.78,0,0.8282
1694,395,0,100,5.58,140.1,0.327,18.73,0,0.8279
1695,395,1,100,4.88,165.0,0.557,14.27,0,0.8278
1696,395,2,100,4.16,198.9,0.104,14.7,0,0.8278
1697,395,3,100,4.9,90.6,0.471,13.42,0,0.8278
1698,396,0,100,4.96,183.2,0.556,17.19,0,0.8274
1699,396,1,100,1.54,148.4,0.328,13.62,0,0.8274
1700,396,2,100,6.1,185.0,0.509,15.43,0,0.8274
1701,396,3,100,5.94,137.0,0.272,16.0,0,0.8274
1702,397,0,100,4.08,214.4,0.16,11.49,0,0.827
1703,397,1,100,3.96,44.2,0.345,15.38,0,0.827
1704,397,2,100,3.51,203.9,0.412,12.0,0,0.827
1705,397,3,100,6.42,96.3,0.804,18.31,0,0.8269
1706,398,0,100,1.12,175.0,0.542,16.37,0,0.8266
1707,398,1,100,6.47,43.5,0.715,18.05,0,0.8266
1708,398,2,100,1.74,130.6,0.261,14.61,0,0.8265
1709,398,3,100,2.55,53.5,0.517,13.77,0,0.8265
1710,399,0,100,2.47,101.3,0.488,15.24,0,0.8261
1711,399,1,100,1.4,188.9,0.455,13.94,0,0.8261
1712,399,2,100,2.48,145.5,0.171,13.95,0,0.8261
1713,399,3,100,4.49,77.8,0.272,16.22,0,0.8261
1714,399,4,100,5.49,112.0,0.665,15.13,0,0.8261
1715,399,5,100,6.05,41.4,0.449,19.26,0,0.826
1716,400,0,100,2.32,85.8,0.762,17.89,0,0.8257
1717,400,1,100,2.65,200.4,0.575,15.59,0,0.8257
1718,400,2,100,1.68,72.4,0.793,18.48,0,0.8256
1719,400,3,100,0.92,141.0,0.567,15.14,0,0.8256
1720,401,0,100,4.73,202.9,0.282,14.05,0,0.8253
1721,401,1,100,1.25,87.1,0.176,12.73,0,0.8252
1722,401,2,100,2.65,167.0,0.379,14.02,0,0.8252
1723,401,3,100,2.59,119.6,0.578,14.28,0,0.8252
1724,402,0,100,1.39,141.6,0.575,14.65,0,0.8248
1725,402,1,100,1.02,74.6,0.115,13.89,0,0.8248
1726,402,2,100,4.71,212.5,0.56,16.97,0,0.8248
1727,402,3,100,4.71,97.4,0.897,18.57,0,0.8248
1728,403,0,100,6.13,138.1,0.443,12.13,0,0.8244
1729,403,1,100,1.29,85.7,0.107,11.83,0,0.8244
1730,403,2,100,4.23,214.3,0.895,21.68,0,0.8244
1731,403,3,100,5.13,46.1,0.784,18.19,0,0.8243
1732,404,0,100,2.97,56.1,0.687,16.5,0,0.824
1733,404,1,100,5.46,190.0,0.119,13.01,0,0.8239
1734,404,2,100,1.65,107.3,0.472,14.32,0,0.8239
1735,404,3,100,1.25,92.6,0.616,19.38,0,0.8239
1736,405,0,100,1.88,205.6,0.534,13.64,0,0.8235
1737,405,1,100,2.2,106.1,0.471,17.78,0,0.8235
1738,405,2,100,1.23,181.1,0.695,17.6,0,0.8235
1739,405,3,100,4.93,99.5,0.818,18.41,0,0.8235
1740,406,0,100,4.04,103.6,0.564,16.21,0,0.8231
1741,406,1,100,6.17,193.2,0.502,12.03,0,0.8231
1742,406,2,100,2.07,169.6,0.641,15.0,0,0.8231
1743,406,3,100,2.39,50.6,0.32,15.22,0,0.823
1744,406,4,100,5.64,93.5,0.201,13.29,0,0.823
1745,406,5,100,2.2,73.2,0.893,18.99,0,0.823
1746,407,0,100,2.62,191.5,0.16,12.91,0,0.8226
1747,407,1,100,4.13,43.1,0.707,18.25,0,0.8226
1748,407,2,100,0.86,47.7,0.318,11.98,0,0.8226
1749,407,3,100,5.71,106.6,0.168,13.15,0,0.8226
1750,408,0,100,5.12,200.0,0.292,15.91,0,0.8222
1751,408,1,100,1.26,182.6,0.139,13.28,0,0.8222
1752,408,2,100,0.93,76.8,0.191,14.16,0,0.8222
1753,408,3,100,1.75,55.0,0.675,16.15,0,0.8221
1754,409,0,100,2.46,92.6,0.257,15.57,0,0.8218
1755,409,1,100,1.0,154.5,0.479,16.32,0,0.8217
1756,409,2,100,2.81,44.9,0.575,16.84,0,0.8217
1757,409,3,100,3.83,73.2,0.772,15.96,0,0.8217
1758,410,0,100,4.1,152.3,0.555,15.14,0,0.8213
1759,410,1,100,3.64,78.4,0.219,13.64,0,0.8213
1760,410,2,100,5.94,180.4,0.205,13.33,0,0.8213
1761,410,3,100,0.84,121.1,0.789,19.26,0,0.8213
1762,411,0,100,2.37,172.3,0.403,14.56,0,0.8209
1763,411,1,100,4.01,158.1,0.426,16.17,0,0.8209
1764,411,2,100,1.17,94.2,0.498,16.25,0,0.8209
1765,411,3,100,1.34,219.5,0.563,13.27,0,0.8208
1766,412,0,100,5.76,140.2,0.262,13.36,0,0.8205
1767,412,1,100,4.6,203.4,0.388,16.58,0,0.8205
1768,412,2,100,1.4,66.4,0.277,14.46,0,0.8204
1769,412,3,100,5.3,163.6,0.372,16.58,0,0.8204
1770,413,0,100,3.97,195.0,0.613,16.21,0,0.8201
1771,413,1,100,4.28,218.4,0.412,16.1,0,0.82
1772,413,2,100,3.59,187.9,0.597,16.09,0,0.82
1773,413,3,100,0.88,216.8,0.191,15.27,0,0.82
1774,413,4,100,2.03,164.8,0.796,18.35,0,0.82
1775,413,5,100,2.26,192.0,0.53,16.85,0,0.82
1776,414,0,100,6.28,125.0,0.724,17.78,0,0.8196
1777,414,1,100,2.44,118.5,0.616,16.31,0,0.8196
1778,414,2,100,2.0,60.2,0.692,19.21,0,0.8195
1779,414,3,100,2.14,153.9,0.133,11.59,0,0.8195
1780,415,0,100,5.46,165.5,0.612,17.48,0,0.8192
1781,415,1,100,3.08,147.0,0.246,13.56,0,0.8191
1782,415,2,100,4.57,48.8,0.387,16.5,0,0.8191
1783,415,3,100,3.09,168.3,0.796,17.21,0,0.8191
1784,416,0,100,2.57,178.0,0.144,12.1,0,0.8187
1785,416,1,100,5.23,72.4,0.464,16.29,0,0.8187
1786,416,2,100,3.56,100.7,0.303,15.4,0,0.8187
1787,416,3,100,1.7,95.8,0.579,17.18,0,0.8187
1788,417,0,100,1.02,67.5,0.418,16.92,0,0.8183
1789,417,1,100,4.93,86.7,0.255,16.03,0,0.8183
1790,417,2,100,3.88,94.1,0.898,18.7,0,0.8182
1791,417,3,100,3.06,174.6,0.826,17.67,0,0.8182
1792,418,0,100,1.17,140.9,0.413,15.42,0,0.8179
1793,418,1,100,3.44,91.4,0.621,17.09,0,0.8178
1794,418,2,100,2.89,187.4,0.425,16.11,0,0.8178
1795,418,3,100,3.63,144.4,0.646,16.44,0,0.8178
1796,419,0,100,5.48,118.5,0.135,14.62,0,0.8174
1797,419,1,100,2.61,122.7,0.448,17.52,0,0.8174
1798,419,2,100,0.89,48.5,0.218,14.34,0,0.8174
1799,419,3,100,2.37,200.2,0.487,16.8,0,0.8174
1800,420,0,100,2.61,56.6,0.536,16.87,0,0.817
1801,420,1,100,4.8,199.3,0.239,13.43,0,0.817
1802,420,2,100,1.4,169.0,0.602,14.68,0,0.817
1803,420,3,100,4.86,203.4,0.12,11.43,0,0.8169
1804,420,4,100,1.76,134.7,0.279,12.9,0,0.8169
1805,420,5,100,4.99,82.2,0.599,18.28,0,0.8169
1806,421,0,100,1.66,75.2,0.872,22.09,0,0.8165
1807,421,1,100,4.23,170.3,0.552,16.66,0,0.8165
1808,421,2,100,6.3,59.1,0.652,21.1,0,0.8165
1809,421,3,100,6.29,72.9,0.767,17.45,0,0.8165
1810,422,0,100,2.44,79.3,0.352,15.0,0,0.8161
1811,422,1,100,6.13,203.1,0.369,15.45,0,0.8161
1812,422,2,100,4.23,110.7,0.162,15.29,0,0.8161
1813,422,3,100,4.76,125.1,0.226,11.27,0,0.816
1814,423,0,100,5.48,188.8,0.833,21.56,0,0.8157
1815,423,1,100,3.78,167.7,0.198,14.61,0,0.8156
1816,423,2,100,5.77,137.9,0.279,12.37,0,0.8156
1817,423,3,100,2.38,210.8,0.322,14.09,0,0.8156
1818,424,0,100,6.45,168.8,0.171,12.69,0,0.8152
1819,424,1,100,3.95,107.0,0.386,15.31,0,0.8152
1820,424,2,100,6.33,73.2,0.281,14.31,0,0.8152
1821,424,3,100,3.93,174.9,0.225,12.08,0,0.8152
1822,425,0,100,3.07,175.3,0.312,13.75,0,0.8148
1823,425,1,100,5.43,154.0,0.431,14.92,0,0.8148
1824,425,2,100,4.64,182.0,0.82,18.99,0,0.8148
1825,425,3,100,1.43,204.6,0.856,16.59,0,0.8148
1826,426,0,100,2.93,50.7,0.421,16.05,0,0.8144
1827,426,1,100,1.18,137.3,0.345,15.08,0,0.8144
1828,426,2,100,3.47,75.6,0.445,16.21,0,0.8143
1829,426,3,100,2.26,121.5,0.357,13.28,0,0.8143
1830,427,0,100,2.07,154.3,0.252,14.06,0,0.814
1831,427,1,100,3.89,180.2,0.192,14.21,0,0.8139
1832,427,2,100,2.89,192.3,0.533,16.41,0,0.8139
1833,427,3,100,3.12,87.6,0.282,14.12,0,0.8139
1834,427,4,100,4.86,129.0,0.279,14.13,0,0.8139
1835,427,5,100,3.72,56.1,0.476,11.99,0,0.8139
1836,428,0,100,0.89,44.4,0.422,16.87,0,0.8135
1837,428,1,100,2.28,152.5,0.661,15.98,0,0.8135
1838,428,2,100,0.96,208.8,0.576,17.3,0,0.8134
1839,428,3,100,5.7,213.7,0.877,22.35,0,0.8134
1840,429,0,100,2.75,84.6,0.385,14.74,0,0.813
1841,429,1,100,5.2,95.1,0.895,19.79,0,0.813
1842,429,2,100,3.9,187.9,0.739,20.76,0,0.813
1843,429,3,100,1.57,116.1,0.616,16.87,0,0.813
1844,430,0,100,4.24,209.8,0.79,16.78,0,0.8126
1845,430,1,100,2.46,181.6,0.18,14.64,0,0.8126
1846,430,2,100,5.47,119.4,0.766,19.11,0,0.8126
1847,430,3,100,1.82,176.6,0.294,15.07,0,0.8126
1848,431,0,100,3.62,211.9,0.369,13.28,0,0.8122
1849,431,1,100,2.42,108.1,0.354,16.53,0,0.8122
1850,431,2,100,2.17,164.0,0.341,15.57,0,0.8121
1851,431,3,100,4.85,75.5,0.564,15.12,0,0.8121
1852,432,0,100,6.48,146.7,0.602,15.65,0,0.8118
1853,432,1,100,5.18,165.8,0.511,14.66,0,0.8117
1854,432,2,100,2.58,70.2,0.171,13.7,0,0.8117
1855,432,3,100,3.02,121.1,0.646,18.95,0,0.8117
1856,433,0,100,1.58,71.6,0.823,19.9,0,0.8113
1857,433,1,100,4.26,173.6,0.165,12.32,0,0.8113
1858,433,2,100,2.28,199.3,0.718,15.17,0,0.8113
1859,433,3,100,1.66,48.7,0.608,18.82,0,0.8113
1860,434,0,100,4.11,186.3,0.744,18.6,0,0.8109
1861,434,1,100,4.75,179.9,0.569,17.14,0,0.8109
1862,434,2,100,5.65,164.9,0.294,13.82,0,0.8109
1863,434,3,100,5.1,140.7,0.771,19.85,0,0.8108
1864,434,4,100,5.78,149.7,0.389,16.14,0,0.8108
1865,434,5,100,2.15,176.1,0.617,15.82,0,0.8108
1866,435,0,100,3.1,165.9,0.725,18.5,0,0.8104
1867,435,1,100,4.2,140.4,0.114,13.53,0,0.8104
1868,435,2,100,1.28,67.5,0.403,13.72,0,0.8104
1869,435,3,100,6.41,142.0,0.514,15.63,0,0.8104
1870,436,0,100,1.18,45.0,0.681,14.43,0,0.81
1871,436,1,100,1.95,204.0,0.193,14.17,0,0.81
1872,436,2,100,1.1,161.8,0.795,15.79,0,0.81
1873,436,3,100,2.64,144.6,0.363,14.68,0,0.8099
1874,437,0,100,2.87,109.6,0.462,17.27,0,0.8096
1875,437,1,100,3.85,213.5,0.126,14.32,0,0.8095
1876,437,2,100,4.32,180.2,0.136,14.51,0,0.8095
1877,437,3,100,6.45,66.3,0.605,14.67,0,0.8095
1878,438,0,100,5.5,142.4,0.606,18.5,0,0.8091
1879,438,1,100,3.57,204.2,0.538,20.07,0,0.8091
1880,438,2,100,2.59,119.0,0.348,12.54,0,0.8091
1881,438,3,100,5.75,105.6,0.714,15.52,0,0.8091
1882,439,0,100,3.25,57.1,0.692,15.39,0,0.8087
1883,439,1,100,2.43,219.6,0.495,14.9,0,0.8087
1884,439,2,100,2.58,60.6,0.216,16.22,0,0.8087
1885,439,3,100,1.43,156.3,0.235,12.9,0,0.8086
1886,440,0,100,2.82,113.2,0.763,17.98,0,0.8083
1887,440,1,100,3.08,122.8,0.254,12.43,0,0.8083
1888,440,2,100,1.65,192.7,0.222,11.84,0,0.8082
1889,440,3,100,2.95,161.7,0.791,18.03,0,0.8082
1890,441,0,100,3.63,151.0,0.218,14.86,0,0.8078
1891,441,1,100,3.85,171.3,0.808,16.57,0,0.8078
1892,441,2,100,3.78,157.1,0.579,17.89,0,0.8078
1893,441,3,100,1.93,134.6,0.878,17.03,0,0.8078
1894,441,4,100,1.49,166.0,0.227,12.95,0,0.8078
1895,441,5,100,5.29,42.5,0.816,16.16,0,0.8077
1896,442,0,100,1.84,162.6,0.845,21.09,0,0.8074
1897,442,1,100,3.56,95.3,0.523,17.02,0,0.8074
1898,442,2,100,1.85,101.2,0.117,11.97,0,0.8073
1899,442,3,100,3.86,210.6,0.224,14.15,0,0.8073
1900,443,0,100,2.82,215.9,0.698,16.25,0,0.8069
1901,443,1,100,6.26,191.0,0.852,16.55,0,0.8069
1902,443,2,100,2.12,129.0,0.796,17.14,0,0.8069
1903,443,3,100,5.78,55.5,0.627,15.74,0,0.8069
1904,444,0,100,2.98,45.3,0.1,14.19,0,0.8065
1905,444,1,100,0.93,163.8,0.181,15.71,0,0.8065
1906,444,2,100,4.18,182.4,0.225,13.33,0,0.8065
1907,444,3,100,2.41,86.7,0.495,16.31,0,0.8065
1908,445,0,100,3.91,165.8,0.737,17.49,0,0.8061
1909,445,1,100,2.73,71.1,0.473,14.73,0,0.8061
1910,445,2,100,6.1,220.0,0.611,14.81,0,0.806
1911,445,3,100,4.91,178.2,0.715,16.03,0,0.806
1912,446,0,100,5.67,71.2,0.479,16.9,0,0.8057
1913,446,1,100,5.21,168.6,0.83,20.53,0,0.8056
1914,446,2,100,1.99,46.2,0.57,17.66,0,0.8056
1915,446,3,100,1.7,143.8,0.32,14.71,0,0.8056
1916,447,0,100,5.28,215.1,0.629,16.1,0,0.8052
1917,447,1,100,4.71,171.0,0.673,18.39,0,0.8052
1918,447,2,100,5.4,83.4,0.432,17.51,0,0.8052
1919,447,3,100,2.41,202.7,0.602,15.28,0,0.8052
1920,448,0,100,2.22,107.1,0.196,14.3,0,0.8048
1921,448,1,100,2.38,177.3,0.32,14.76,0,0.8048
1922,448,2,100,1.0,167.1,0.111,9.93,0,0.8048
1923,448,3,100,3.82,144.5,0.873,19.56,0,0.8047
1924,448,4,100,6.06,53.4,0.441,15.26,0,0.8047
1925,448,5,100,4.64,193.0,0.112,12.1,0,0.8047
1926,449,0,100,4.77,138.7,0.449,17.85,0,0.8043
1927,449,1,100,5.45,53.2,0.223,12.76,0,0.8043
1928,449,2,100,4.24,108.1,0.61,18.96,0,0.8043
1929,449,3,100,1.09,175.6,0.302,13.95,0,0.8043
1930,450,0,100,2.48,85.2,0.648,15.52,0,0.8039
1931,450,1,100,2.1,131.0,0.816,19.11,0,0.8039
1932,450,2,100,3.57,127.4,0.81,20.19,0,0.8039
1933,450,3,100,5.1,163.4,0.586,16.94,0,0.8038
1934,451,0,100,6.39,148.3,0.344,16.11,0,0.8035
1935,451,1,100,1.03,58.3,0.545,15.45,0,0.8034
1936,451,2,100,2.3,192.8,0.252,11.18,0,0.8034
1937,451,3,100,4.56,59.2,0.203,15.94,0,0.8034
1938,452,0,100,6.2,46.3,0.397,14.34,0,0.803
1939,452,1,100,3.13,136.2,0.212,14.48,0,0.803
1940,452,2,100,2.51,62.1,0.599,18.18,0,0.803
1941,452,3,100,1.7,96.4,0.882,17.61,0,0.803
1942,453,0,100,3.3,83.1,0.616,13.88,0,0.8026
1943,453,1,100,4.37,87.1,0.317,16.18,0,0.8026
1944,453,2,100,4.5,191.4,0.773,18.75,0,0.8026
1945,453,3,100,1.88,180.4,0.568,15.32,0,0.8025
1946,454,0,100,3.2,40.4,0.573,14.07,0,0.8022
1947,454,1,100,4.56,199.1,0.314,13.31,0,0.8022
1948,454,2,100,4.5,86.2,0.123,15.58,0,0.8021
1949,454,3,100,1.05,170.1,0.536,14.06,0,0.8021
1950,455,0,100,5.52,107.4,0.676,16.04,0,0.8017
1951,455,1,100,3.65,56.7,0.886,20.37,0,0.8017
1952,455,2,100,2.62,80.3,0.876,19.53,0,0.8017
1953,455,3,100,6.42,181.1,0.136,14.41,0,0.8017
1954,455,4,100,1.99,206.9,0.838,18.96,0,0.8017
1955,455,5,100,2.25,167.8,0.278,14.15,0,0.8016
1956,456,0,100,1.86,62.1,0.48,14.78,0,0.8013
1957,456,1,100,3.7,102.0,0.227,15.76,0,0.8013
1958,456,2,100,1.94,86.7,0.273,13.84,0,0.8012
1959,456,3,100,3.52,94.6,0.814,15.97,0,0.8012
1960,457,0,100,0.86,80.9,0.818,21.04,0,0.8008
1961,457,1,100,3.97,77.3,0.408,15.26,0,0.8008
1962,457,2,100,1.51,177.1,0.833,18.25,0,0.8008
1963,457,3,100,5.75,149.1,0.779,18.46,0,0.8008
1964,458,0,100,1.88,147.0,0.671,16.98,0,0.8004
1965,458,1,100,2.55,206.7,0.488,15.82,0,0.8004
1966,458,2,100,2.06,56.0,0.573,15.67,0,0.8004
1967,458,3,100,2.35,125.3,0.228,12.94,0,0.8004
1968,459,0,100,4.66,50.5,0.811,18.71,0,0.8
1969,459,1,100,2.83,173.0,0.381,17.17,0,0.8
1970,459,2,100,3.02,102.8,0.862,17.94,0,0.8
1971,459,3,100,2.32,156.7,0.654,19.22,0,0.7999
1972,460,0,100,5.61,98.3,0.272,12.26,0,0.7996
1973,460,1,100,2.98,55.1,0.785,19.42,0,0.7995
1974,460,2,100,2.12,177.1,0.219,12.71,0,0.7995
1975,460,3,100,6.47,188.4,0.55,15.11,0,0.7995
1976,461,0,100,4.02,71.7,0.611,17.83,0,0.7991
1977,461,1,100,2.12,93.5,0.635,15.25,0,0.7991
1978,461,2,100,4.81,140.6,0.609,14.68,0,0.7991
1979,461,3,100,5.86,89.7,0.533,15.72,0,0.7991
1980,462,0,100,3.27,128.5,0.644,14.18,0,0.7987
1981,462,1,100,1.56,64.9,0.745,18.48,0,0.7987
1982,462,2,100,3.98,186.7,0.139,13.97,0,0.7987
1983,462,3,100,5.45,197.4,0.439,12.78,0,0.7986
1984,462,4,100,2.63,160.7,0.716,19.25,0,0.7986
1985,462,5,100,6.16,128.0,0.476,15.46,0,0.7986
1986,463,0,100,4.59,192.7,0.637,17.65,0,0.7982
1987,463,1,100,2.32,178.0,0.444,16.98,0,0.7982
1988,463,2,100,5.6,198.8,0.413,15.58,0,0.7982
1989,463,3,100,5.52,168.1,0.574,17.57,0,0.7982
1990,464,0,100,4.97,214.7,0.319,15.79,0,0.7978
1991,464,1,100,3.55,104.9,0.791,18.0,0,0.7978
1992,464,2,100,4.55,44.5,0.662,13.83,0,0.7978
1993,464,3,100,4.62,191.6,0.444,15.22,0,0.7977
1994,465,0,100,1.94,210.4,0.418,14.86,0,0.7974
1995,465,1,100,5.91,83.7,0.758,18.77,0,0.7974
1996,465,2,100,3.94,80.5,0.15,14.48,0,0.7973
1997,465,3,100,1.2,209.9,0.546,17.97,0,0.7973
1998,466,0,100,1.28,50.8,0.833,18.53,0,0.7969
1999,466,1,100,3.52,141.0,0.755,18.9,0,0.7969
2000,466,2,100,4.11,200.2,0.526,14.72,0,0.7969
2001,466,3,100,4.84,216.6,0.441,12.98,0,0.7969
2002,467,0,100,1.79,208.5,0.696,14.49,0,0.7965
2003,467,1,100,4.1,198.8,0.821,18.3,0,0.7965
2004,467,2,100,1.07,175.0,0.206,14.11,0,0.7965
2005,467,3,100,2.59,65.0,0.768,20.07,0,0.7964
2006,468,0,100,3.49,162.1,0.639,17.02,0,0.7961
2007,468,1,100,4.37,212.1,0.673,17.96,0,0.7961
2008,468,2,100,3.39,208.8,0.888,20.74,0,0.796
2009,468,3,100,4.46,179.0,0.805,18.07,0,0.796
2010,469,0,100,3.81,70.4,0.815,18.46,0,0.7956
2011,469,1,100,6.44,83.1,0.479,19.62,0,0.7956
2012,469,2,100,2.74,76.8,0.757,17.82,0,0.7956
2013,469,3,100,4.17,97.7,0.357,12.37,0,0.7956
2014,469,4,100,0.99,212.2,0.814,20.21,0,0.7956
2015,469,5,100,5.78,131.7,0.865,20.81,0,0.7955
2016,470,0,100,5.98,162.2,0.843,18.27,0,0.7952
2017,470,1,100,6.5,203.7,0.251,15.09,0,0.7952
2018,470,2,100,5.29,219.9,0.792,19.2,0,0.7951
2019,470,3,100,5.48,63.0,0.871,22.13,0,0.7951
2020,471,0,100,1.93,48.3,0.512,15.11,0,0.7948
2021,471,1,100,1.89,128.4,0.238,13.72,0,0.7947
2022,471,2,100,2.52,71.4,0.379,16.19,0,0.7947
2023,471,3,100,5.55,211.4,0.351,12.7,0,0.7947
2024,472,0,100,2.35,160.6,0.237,12.4,0,0.7943
2025,472,1,100,1.31,197.5,0.101,13.71,0,0.7943
2026,472,2,100,2.3,144.1,0.377,15.81,0,0.7943
2027,472,3,100,4.89,186.5,0.721,15.96,0,0.7943
2028,473,0,100,4.89,145.4,0.49,17.31,0,0.7939
2029,473,1,100,3.0,176.5,0.812,16.38,0,0.7939
2030,473,2,100,4.55,98.2,0.747,19.44,0,0.7939
2031,473,3,100,3.03,157.5,0.7,17.99,0,0.7938
2032,474,0,100,5.53,207.9,0.6,14.02,0,0.7935
2033,474,1,100,5.0,131.0,0.109,11.03,0,0.7934
2034,474,2,100,4.46,174.5,0.586,15.54,0,0.7934
2035,474,3,100,3.89,131.1,0.65,16.53,0,0.7934
2036,475,0,100,5.25,128.5,0.744,15.0,0,0.793
2037,475,1,100,1.77,187.4,0.694,16.03,0,0.793
2038,475,2,100,2.74,70.9,0.808,16.72,0,0.793
2039,475,3,100,3.88,130.9,0.197,12.32,0,0.793
2040,476,0,100,5.46,195.6,0.198,12.58,0,0.7926
2041,476,1,100,5.57,182.4,0.73,18.55,0,0.7926
2042,476,2,100,1.09,137.3,0.625,17.13,0,0.7926
2043,476,3,100,2.57,131.6,0.633,17.34,0,0.7925
2044,476,4,100,5.77,135.8,0.434,16.8,0,0.7925
2045,476,5,100,2.19,158.1,0.705,14.55,0,0.7925
2046,477,0,100,5.34,83.6,0.262,15.63,0,0.7921
2047,477,1,100,6.41,105.0,0.171,13.65,0,0.7921
2048,477,2,100,3.33,182.8,0.576,16.05,0,0.7921
2049,477,3,100,4.48,117.9,0.158,11.13,0,0.7921
2050,478,0,100,2.06,200.4,0.53,15.83,0,0.7917
2051,478,1,100,3.96,70.4,0.387,14.43,0,0.7917
2052,478,2,100,5.09,51.7,0.214,15.11,0,0.7917
2053,478,3,100,4.95,206.4,0.561,13.64,0,0.7916
2054,479,0,100,4.62,185.3,0.789,17.93,0,0.7913
2055,479,1,100,1.12,175.9,0.79,19.04,0,0.7913
2056,479,2,100,6.41,211.5,0.689,18.87,0,0.7912
2057,479,3,100,4.32,85.5,0.43,14.64,0,0.7912
2058,480,0,100,1.93,103.6,0.794,17.56,0,0.7908
2059,480,1,100,4.92,100.8,0.335,14.78,0,0.7908
2060,480,2,100,2.28,100.2,0.469,15.94,0,0.7908
2061,480,3,100,1.58,171.6,0.571,17.99,0,0.7908
2062,481,0,100,1.89,104.4,0.876,19.8,0,0.7904
2063,481,1,100,3.68,129.9,0.612,15.84,0,0.7904
2064,481,2,100,3.37,215.3,0.381,14.6,0,0.7904
2065,481,3,100,6.04,176.5,0.173,13.23,0,0.7903
2066,482,0,100,1.34,123.3,0.677,18.89,0,0.79
2067,482,1,100,5.6,115.4,0.144,13.68,0,0.79
2068,482,2,100,6.3,112.3,0.496,17.73,0,0.7899
2069,482,3,100,4.6,213.0,0.45,14.05,0,0.7899
2070,483,0,100,3.99,157.9,0.542,16.71,0,0.7895
2071,483,1,100,5.68,215.5,0.641,15.68,0,0.7895
2072,483,2,100,2.35,72.2,0.176,11.68,0,0.7895
2073,483,3,100,5.94,103.4,0.262,14.2,0,0.7895
2074,483,4,100,3.84,144.0,0.537,17.95,0,0.7895
2075,483,5,100,1.13,177.6,0.879,17.8,0,0.7894
2076,484,0,100,1.43,208.8,0.403,14.82,0,0.7891
2077,484,1,100,1.31,40.3,0.477,16.09,0,0.7891
2078,484,2,100,3.62,213.8,0.415,15.92,0,0.789
2079,484,3,100,2.96,44.4,0.9,19.85,0,0.789
2080,485,0,100,3.98,198.6,0.364,13.51,0,0.7886
2081,485,1,100,1.51,44.6,0.401,15.45,0,0.7886
2082,485,2,100,1.09,73.1,0.301,15.03,0,0.7886
2083,485,3,100,2.79,115.1,0.81,19.68,0,0.7886
2084,486,0,100,1.23,113.3,0.805,16.49,0,0.7882
2085,486,1,100,1.31,160.0,0.78,17.28,0,0.7882
2086,486,2,100,4.96,174.9,0.354,15.17,0,0.7882
2087,486,3,100,1.36,148.8,0.683,20.08,0,0.7882
2088,487,0,100,4.48,131.5,0.241,12.51,0,0.7878
2089,487,1,100,1.21,204.4,0.16,14.17,0,0.7878
2090,487,2,100,2.32,198.4,0.527,14.0,0,0.7877
2091,487,3,100,4.36,146.2,0.163,13.28,0,0.7877
2092,488,0,100,2.58,131.2,0.62,15.8,0,0.7874
2093,488,1,100,5.13,98.6,0.813,18.8,0,0.7873
2094,488,2,100,5.03,99.3,0.899,17.91,0,0.7873
2095,488,3,100,5.83,188.8,0.789,18.75,0,0.7873
2096,489,0,100,1.54,58.7,0.364,15.24,0,0.7869
2097,489,1,100,3.46,172.1,0.537,15.09,0,0.7869
2098,489,2,100,2.12,106.4,0.791,18.88,0,0.7869
2099,489,3,100,2.6,178.7,0.4,16.16,0,0.7869
2100,490,0,100,2.98,110.1,0.233,15.09,0,0.7865
2101,490,1,100,6.1,122.6,0.38,14.76,0,0.7865
2102,490,2,100,6.09,96.6,0.321,15.14,0,0.7865
2103,490,3,100,2.06,199.9,0.125,14.79,0,0.7864
2104,490,4,100,5.74,74.7,0.581,15.67,0,0.7864
2105,490,5,100,4.07,42.4,0.509,16.58,0,0.7864
2106,491,0,100,6.3,121.2,0.202,13.12,0,0.786
2107,491,1,100,0.88,43.2,0.382,12.31,0,0.786
2108,491,2,100,6.33,211.5,0.636,17.05,0,0.786
2109,491,3,100,1.55,192.9,0.289,12.25,0,0.786
2110,492,0,100,4.75,106.9,0.751,20.57,0,0.7856
2111,492,1,100,1.49,140.8,0.313,12.96,0,0.7856
2112,492,2,100,3.86,210.6,0.845,20.35,0,0.7856
2113,492,3,100,5.79,159.1,0.301,17.96,0,0.7855
2114,493,0,100,3.3,145.1,0.782,19.13,0,0.7852
2115,493,1,100,3.59,51.4,0.843,18.17,0,0.7852
2116,493,2,100,4.63,204.2,0.284,14.12,0,0.7851
2117,493,3,100,5.45,90.2,0.194,13.61,0,0.7851
2118,494,0,100,5.47,41.2,0.657,15.38,0,0.7847
2119,494,1,100,3.03,61.4,0.847,18.29,0,0.7847
2120,494,2,100,5.99,121.4,0.198,12.27,0,0.7847
2121,494,3,100,6.34,104.3,0.463,14.22,0,0.7847
2122,495,0,100,1.73,99.2,0.801,18.79,0,0.7843
2123,495,1,100,4.79,135.8,0.21,14.08,0,0.7843
2124,495,2,100,4.19,124.0,0.337,12.21,0,0.7843
2125,495,3,100,5.63,208.4,0.529,16.71,0,0.7843
2126,496,0,100,1.22,115.4,0.512,15.05,0,0.7839
2127,496,1,100,6.01,209.2,0.206,15.69,0,0.7839
2128,496,2,100,3.34,190.8,0.701,17.25,0,0.7838
2129,496,3,100,4.01,50.2,0.538,16.98,0,0.7838
2130,497,0,100,5.28,212.3,0.405,14.45,0,0.7834
2131,497,1,100,1.92,141.3,0.481,18.01,0,0.7834
2132,497,2,100,3.3,122.1,0.465,17.73,0,0.7834
2133,497,3,100,3.15,110.7,0.659,16.77,0,0.7834
2134,497,4,100,3.08,160.5,0.237,11.34,0,0.7834
2135,497,5,100,4.59,164.7,0.227,13.14,0,0.7833
2136,498,0,100,5.13,201.8,0.856,18.28,0,0.783
2137,498,1,100,3.79,210.2,0.696,17.77,0,0.783
2138,498,2,100,5.77,214.4,0.428,14.62,0,0.7829
2139,498,3,100,2.0,120.8,0.56,16.51,0,0.7829
2140,499,0,100,3.87,78.3,0.181,13.69,0,0.7826
2141,499,1,100,3.44,155.4,0.821,17.82,0,0.7825
2142,499,2,100,2.6,106.8,0.111,12.32,0,0.7825
2143,499,3,100,5.38,145.0,0.345,15.34,0,0.7825
2144,500,0,100,2.42,91.7,0.766,17.65,0,0.7821
2145,500,1,100,3.07,66.4,0.229,17.54,0,0.7821
2146,500,2,100,5.46,214.1,0.534,14.75,0,0.7821
2147,500,3,100,4.67,90.5,0.415,16.78,0,0.7821
2148,501,0,100,6.11,186.1,0.265,13.96,0,0.7817
2149,501,1,100,5.65,74.5,0.884,17.48,0,0.7817
2150,501,2,100,4.91,94.5,0.568,13.74,0,0.7816
2151,501,3,100,5.88,210.3,0.444,13.12,0,0.7816
2152,502,0,100,1.85,147.7,0.471,15.9,0,0.7813
2153,502,1,100,5.46,47.5,0.171,12.64,0,0.7812
2154,502,2,100,6.46,92.9,0.206,14.2,0,0.7812
2155,502,3,100,2.02,81.0,0.45,16.03,0,0.7812
2156,503,0,100,3.56,65.7,0.23,14.57,0,0.7808
2157,503,1,100,1.42,175.1,0.757,15.94,0,0.7808
2158,503,2,100,4.54,188.1,0.763,17.85,0,0.7808
2159,503,3,100,4.5,217.7,0.113,13.33,0,0.7808
2160,504,0,100,2.25,219.2,0.777,20.01,0,0.7804
2161,504,1,100,4.42,166.0,0.483,15.42,0,0.7804
2162,504,2,100,1.54,202.5,0.463,14.79,0,0.7804
2163,504,3,100,5.72,145.9,0.463,15.82,0,0.7803
2164,504,4,100,5.67,205.2,0.6,14.33,0,0.7803
2165,504,5,100,4.12,55.6,0.805,19.55,0,0.7803
2166,505,0,100,2.2,184.3,0.544,15.75,0,0.7799
2167,505,1,100,6.0,108.4,0.706,17.63,0,0.7799
2168,505,2,100,3.33,114.6,0.164,14.5,0,0.7799
2169,505,3,100,4.89,143.0,0.827,18.69,0,0.7799
2170,506,0,100,5.66,163.4,0.153,12.84,0,0.7795
2171,506,1,100,5.72,78.4,0.113,12.96,0,0.7795
2172,506,2,100,5.72,177.2,0.415,17.09,0,0.7795
2173,506,3,100,4.14,48.8,0.77,17.42,0,0.7794
2174,507,0,100,6.2,82.5,0.158,11.02,0,0.7791
2175,507,1,100,6.06,147.4,0.457,15.73,0,0.7791
2176,507,2,100,2.79,97.7,0.758,18.35,0,0.779
2177,507,3,100,3.56,198.8,0.401,11.5,0,0.779
2178,508,0,100,6.28,217.6,0.632,18.97,0,0.7786
2179,508,1,100,1.33,190.2,0.583,17.75,0,0.7786
2180,508,2,100,6.45,76.8,0.876,20.1,0,0.7786
2181,508,3,100,6.45,207.9,0.182,13.69,0,0.7786
2182,509,0,100,6.25,126.2,0.799,18.85,0,0.7782
2183,509,1,100,4.76,77.9,0.255,14.02,0,0.7782
2184,509,2,100,2.88,121.4,0.127,12.01,0,0.7782
2185,509,3,100,3.73,81.9,0.103,13.19,0,0.7782
2186,510,0,100,3.08,108.1,0.389,17.02,0,0.7778
2187,510,1,100,6.08,76.3,0.352,14.39,0,0.7778
2188,510,2,100,2.76,147.8,0.507,14.79,0,0.7777
2189,510,3,100,3.19,206.4,0.891,18.14,0,0.7777
2190,511,0,100,1.25,95.2,0.733,18.84,0,0.7773
2191,511,1,100,5.63,87.8,0.73,19.91,0,0.7773
2192,511,2,100,1.33,125.5,0.542,16.15,0,0.7773
2193,511,3,100,5.22,219.8,0.169,12.39,0,0.7773
2194,511,4,100,4.04,127.4,0.468,15.76,0,0.7773
2195,511,5,100,6.16,142.6,0.367,13.9,0,0.7772
2196,512,0,100,5.2,71.2,0.417,19.27,0,0.7769
2197,512,1,100,3.82,125.9,0.887,22.06,0,0.7769
2198,512,2,100,5.23,60.8,0.34,14.01,0,0.7768
2199,512,3,100,3.29,153.8,0.548,16.93,0,0.7768
2200,513,0,100,3.13,211.2,0.516,18.0,0,0.7764
2201,513,1,100,6.03,161.2,0.457,16.73,0,0.7764
2202,513,2,100,3.5,123.4,0.526,18.36,0,0.7764
2203,513,3,100,2.25,150.9,0.29,12.69,0,0.7764
2204,514,0,100,1.31,203.4,0.463,16.11,0,0.776
2205,514,1,100,5.82,128.8,0.818,18.7,0,0.776
2206,514,2,100,2.59,56.8,0.836,17.74,0,0.776
2207,514,3,100,6.04,110.3,0.254,14.54,0,0.776
2208,515,0,100,5.77,104.4,0.291,16.5,0,0.7756
2209,515,1,100,5.14,109.2,0.306,15.22,0,0.7756
2210,515,2,100,6.5,68.7,0.597,17.71,0,0.7755
2211,515,3,100,3.54,77.3,0.172,14.01,0,0.7755
2212,516,0,100,4.82,194.1,0.711,15.45,0,0.7752
2213,516,1,100,6.22,185.6,0.509,17.41,0,0.7751
2214,516,2,100,6.15,65.7,0.532,14.98,0,0.7751
2215,516,3,100,5.89,185.9,0.507,15.96,0,0.7751
2216,517,0,100,1.09,198.2,0.547,14.0,0,0.7747
2217,517,1,100,4.14,148.4,0.779,15.88,0,0.7747
2218,517,2,100,2.81,144.9,0.32,17.05,0,0.7747
2219,517,3,100,2.65,137.6,0.306,15.61,0,0.7747
2220,518,0,100,1.6,204.1,0.612,17.87,0,0.7743
2221,518,1,100,4.45,178.5,0.805,16.16,0,0.7743
2222,518,2,100,6.43,70.4,0.533,18.13,0,0.7743
2223,518,3,100,1.92,214.3,0.753,16.98,0,0.7742
2224,518,4,100,2.42,147.6,0.878,18.45,0,0.7742
2225,518,5,100,2.88,45.7,0.253,12.97,0,0.7742
2226,519,0,100,5.42,45.8,0.755,15.76,0,0.7738
2227,519,1,100,0.91,129.4,0.546,15.27,0,0.7738
2228,519,2,100,5.35,150.5,0.454,14.55,0,0.7738
2229,519,3,100,6.29,75.6,0.527,17.19,0,0.7738
2230,520,0,100,3.75,189.0,0.3,16.78,0,0.7734
2231,520,1,100,3.43,215.9,0.744,19.42,0,0.7734
2232,520,2,100,1.46,59.8,0.517,17.75,0,0.7734
2233,520,3,100,5.3,71.1,0.139,13.36,0,0.7733
2234,521,0,100,5.73,68.5,0.835,17.37,0,0.773
2235,521,1,100,3.82,102.5,0.884,17.51,0,0.773
2236,521,2,100,5.59,117.7,0.339,15.07,0,0.7729
2237,521,3,100,5.68,215.7,0.849,16.39,0,0.7729
2238,522,0,100,3.87,82.5,0.749,20.19,0,0.7725
2239,522,1,100,5.33,41.8,0.879,17.02,0,0.7725
2240,522,2,100,2.8,182.9,0.839,18.38,0,0.7725
2241,522,3,100,3.41,110.7,0.848,18.72,0,0.7725
2242,523,0,100,5.78,53.0,0.698,15.65,0,0.7721
2243,523,1,100,6.31,159.1,0.321,15.14,0,0.7721
2244,523,2,100,1.74,65.1,0.861,18.51,0,0.7721
2245,523,3,100,3.91,89.1,0.706,18.15,0,0.7721
2246,524,0,100,1.78,150.9,0.628,15.26,0,0.7717
2247,524,1,100,1.25,167.4,0.585,16.66,0,0.7717
2248,524,2,100,1.34,90.8,0.32,16.79,0,0.7716
2249,524,3,100,5.41,217.4,0.316,14.91,0,0.7716
2250,525,0,100,3.27,44.1,0.618,17.09,0,0.7712
2251,525,1,100,6.08,104.2,0.323,14.5,0,0.7712
2252,525,2,100,5.3,152.7,0.438,15.55,0,0.7712
2253,525,3,100,2.12,182.8,0.193,13.39,0,0.7712
2254,525,4,100,3.45,101.5,0.546,16.08,0,0.7712
2255,525,5,100,4.87,187.2,0.518,17.02,0,0.7712
2256,526,0,100,5.26,200.6,0.117,12.55,0,0.7708
2257,526,1,100,4.08,192.3,0.846,18.82,0,0.7708
2258,526,2,100,4.0,126.2,0.517,18.44,0,0.7707
2259,526,3,100,2.39,83.1,0.678,16.03,0,0.7707
2260,527,0,100,2.91,146.8,0.134,14.28,0,0.7703
2261,527,1,100,4.29,126.6,0.549,18.18,0,0.7703
2262,527,2,100,5.86,105.6,0.662,19.95,0,0.7703
2263,527,3,100,1.15,41.7,0.764,20.06,0,0.7703
2264,528,0,100,1.18,94.3,0.632,17.88,0,0.7699
2265,528,1,100,4.0,122.4,0.146,13.45,0,0.7699
2266,528,2,100,1.43,160.4,0.334,17.06,0,0.7699
2267,528,3,100,3.79,193.6,0.862,20.32,0,0.7699
2268,529,0,100,2.42,192.9,0.778,19.82,0,0.7695
2269,529,1,100,2.59,94.9,0.232,15.4,0,0.7695
2270,529,2,100,0.93,189.8,0.291,13.74,0,0.7694
2271,529,3,100,4.75,79.1,0.846,19.71,0,0.7694
2272,530,0,100,3.25,164.6,0.556,16.02,0,0.7691
2273,530,1,100,5.33,214.8,0.226,13.33,0,0.769
2274,530,2,100,6.32,168.4,0.67,17.13,0,0.769
2275,530,3,100,1.58,144.8,0.475,17.02,0,0.769
2276,531,0,100,1.3,83.2,0.301,11.9,0,0.7686
2277,531,1,100,6.41,68.8,0.101,13.06,0,0.7686
2278,531,2,100,3.4,128.2,0.484,17.14,0,0.7686
2279,531,3,100,2.78,95.6,0.682,18.04,0,0.7686
2280,532,0,100,5.17,216.7,0.738,20.19,0,0.7682
2281,532,1,100,3.24,171.9,0.409,15.75,0,0.7682
2282,532,2,100,2.17,50.2,0.607,20.38,0,0.7682
2283,532,3,100,5.45,95.5,0.407,15.93,0,0.7681
2284,532,4,100,2.69,109.8,0.167,12.67,0,0.7681
2285,532,5,100,4.47,174.3,0.494,16.92,0,0.7681
2286,533,0,100,1.79,173.8,0.866,20.29,0,0.7677
2287,533,1,100,4.56,176.5,0.15,12.53,0,0.7677
2288,533,2,100,3.05,103.5,0.396,15.95,0,0.7677
2289,533,3,100,4.8,55.5,0.219,13.37,0,0.7677
2290,534,0,100,2.89,83.1,0.321,11.69,0,0.7673
2291,534,1,100,1.35,211.9,0.387,15.72,0,0.7673
2292,534,2,100,4.33,176.7,0.243,13.4,0,0.7673
2293,534,3,100,2.22,209.7,0.335,12.35,0,0.7672
2294,535,0,100,3.97,163.3,0.321,13.33,0,0.7669
2295,535,1,100,5.77,174.6,0.691,20.54,0,0.7668
2296,535,2,100,1.7,112.5,0.537,16.3,0,0.7668
2297,535,3,100,6.16,190.4,0.839,19.04,0,0.7668
2298,536,0,100,4.18,180.6,0.388,15.15,0,0.7664
2299,536,1,100,5.33,41.2,0.697,17.38,0,0.7664
2300,536,2,100,2.61,177.0,0.851,20.4,0,0.7664
2301,536,3,100,5.01,152.1,0.321,16.33,0,0.7664
2302,537,0,100,2.09,146.0,0.452,14.32,0,0.766
2303,537,1,100,1.4,216.3,0.876,18.82,0,0.766
2304,537,2,100,4.23,59.4,0.557,17.65,0,0.766
2305,537,3,100,2.89,63.5,0.197,15.44,0,0.7659
2306,538,0,100,2.38,216.2,0.307,15.48,0,0.7656
2307,538,1,100,2.09,100.1,0.726,17.35,0,0.7656
2308,538,2,100,2.69,41.1,0.717,19.43,0,0.7655
2309,538,3,100,1.78,95.0,0.639,16.55,0,0.7655
2310,539,0,100,5.74,168.6,0.286,13.12,0,0.7651
2311,539,1,100,2.54,125.5,0.489,14.72,0,0.7651
2312,539,2,100,3.52,171.3,0.87,18.07,0,0.7651
2313,539,3,100,3.3,163.5,0.84,18.48,0,0.7651
2314,539,4,100,4.97,122.3,0.108,13.52,0,0.7651
2315,539,5,100,3.97,173.1,0.624,18.25,0,0.7651
2316,540,0,100,5.91,135.0,0.656,16.57,0,0.7647
2317,540,1,100,4.91,201.8,0.121,12.09,0,0.7647
2318,540,2,100,3.02,139.9,0.77,17.01,0,0.7646
2319,540,3,100,3.81,168.0,0.588,18.5,0,0.7646
2320,541,0,100,5.13,100.3,0.168,15.97,0,0.7642
2321,541,1,100,1.97,172.9,0.634,15.48,0,0.7642
2322,541,2,100,3.98,84.3,0.313,15.13,0,0.7642
2323,541,3,100,4.31,70.3,0.647,17.87,0,0.7642
2324,542,0,100,1.15,168.5,0.539,15.63,0,0.7638
2325,542,1,100,4.42,134.7,0.697,16.66,0,0.7638
2326,542,2,100,5.43,139.3,0.312,14.41,0,0.7638
2327,542,3,100,4.17,108.0,0.6,15.37,0,0.7638
2328,543,0,100,2.52,138.9,0.523,13.84,0,0.7634
2329,543,1,100,4.53,88.5,0.87,16.53,0,0.7634
2330,543,2,100,2.38,200.9,0.102,13.52,0,0.7633
2331,543,3,100,3.94,201.3,0.125,13.5,0,0.7633
2332,544,0,100,5.28,136.5,0.485,15.84,0,0.763
2333,544,1,100,3.43,135.5,0.756,18.19,0,0.7629
2334,544,2,100,5.88,110.3,0.642,18.05,0,0.7629
2335,544,3,100,3.32,60.8,0.744,19.33,0,0.7629
2336,545,0,100,3.12,119.7,0.754,18.06,0,0.7625
2337,545,1,100,1.72,182.5,0.622,14.8,0,0.7625
2338,545,2,100,1.17,179.5,0.457,15.76,0,0.7625
2339,545,3,100,2.11,109.3,0.626,13.14,0,0.7625
2340,546,0,100,3.7,147.6,0.173,13.82,0,0.7621
2341,546,1,100,3.13,54.0,0.812,22.63,0,0.7621
2342,546,2,100,4.99,41.7,0.71,16.5,0,0.7621
2343,546,3,100,0.82,102.3,0.163,14.31,0,0.762
2344,546,4,100,2.96,84.3,0.888,16.48,0,0.762
2345,546,5,100,3.98,112.7,0.632,17.98,0,0.762
2346,547,0,100,3.77,83.6,0.371,14.73,0,0.7616
2347,547,1,100,4.85,201.5,0.333,12.52,0,0.7616
2348,547,2,100,4.42,169.7,0.794,18.13,0,0.7616
2349,547,3,100,0.87,145.5,0.377,16.91,0,0.7616
2350,548,0,100,1.18,179.5,0.173,13.7,0,0.7612
2351,548,1,100,1.5,112.7,0.474,17.29,0,0.7612
2352,548,2,100,5.75,202.1,0.617,18.74,0,0.7612
2353,548,3,100,5.61,87.0,0.87,19.81,0,0.7611
2354,549,0,100,0.84,195.5,0.727,19.5,0,0.7608
2355,549,1,100,1.82,95.6,0.513,16.71,0,0.7607
2356,549,2,100,2.96,132.5,0.212,12.23,0,0.7607
2357,549,3,100,5.24,136.8,0.827,16.94,0,0.7607
2358,550,0,100,5.56,197.1,0.409,13.47,0,0.7603
2359,550,1,100,5.04,177.5,0.622,16.21,0,0.7603
2360,550,2,100,5.63,187.8,0.412,17.23,0,0.7603
2361,550,3,100,3.31,126.5,0.221,14.7,0,0.7603
2362,551,0,100,4.48,183.3,0.366,13.08,0,0.7599
2363,551,1,100,3.51,125.1,0.413,16.51,0,0.7599
2364,551,2,100,4.46,169.6,0.858,18.61,0,0.7599
2365,551,3,100,6.16,92.6,0.629,13.64,0,0.7599
2366,552,0,100,3.45,140.0,0.309,15.46,0,0.7595
2367,552,1,100,5.71,52.6,0.278,13.04,0,0.7595
2368,552,2,100,6.38,46.6,0.727,17.84,0,0.7594
2369,552,3,100,6.01,126.3,0.182,15.58,0,0.7594
2370,553,0,100,1.92,168.3,0.693,18.22,0,0.7591
2371,553,1,100,6.1,62.8,0.495,16.16,0,0.759
2372,553,2,100,5.74,110.6,0.637,15.93,0,0.759
2373,553,3,100,2.36,51.1,0.307,12.85,0,0.759
2374,553,4,100,5.44,177.6,0.577,15.94,0,0.759
2375,553,5,100,4.44,201.0,0.152,11.43,0,0.759
2376,554,0,100,6.3,75.2,0.365,11.94,0,0.7586
2377,554,1,100,5.18,111.0,0.734,19.39,0,0.7586
2378,554,2,100,4.01,75.9,0.593,16.9,0,0.7585
2379,554,3,100,0.92,170.2,0.852,17.45,0,0.7585
2380,555,0,100,6.19,55.1,0.731,16.37,0,0.7581
2381,555,1,100,3.64,166.7,0.89,19.55,0,0.7581
2382,555,2,100,4.35,201.2,0.107,12.37,0,0.7581
2383,555,3,100,4.92,88.7,0.872,18.34,0,0.7581
2384,556,0,100,3.7,55.3,0.658,15.3,0,0.7577
2385,556,1,100,5.53,218.3,0.742,18.88,0,0.7577
2386,556,2,100,6.12,57.4,0.875,17.63,0,0.7577
2387,556,3,100,1.56,91.0,0.38,15.86,0,0.7577
2388,557,0,100,1.46,183.2,0.745,19.13,0,0.7573
2389,557,1,100,1.42,92.7,0.684,17.68,0,0.7573
2390,557,2,100,0.84,204.3,0.794,17.61,0,0.7573
2391,557,3,100,3.96,86.9,0.48,14.75,0,0.7572
2392,558,0,100,3.92,138.3,0.322,15.36,0,0.7569
2393,558,1,100,2.81,55.6,0.111,9.25,0,0.7568
2394,558,2,100,5.48,124.1,0.294,13.05,0,0.7568
2395,558,3,100,4.69,217.2,0.859,18.68,0,0.7568
2396,559,0,100,2.21,118.4,0.421,15.69,0,0.7564
2397,559,1,100,5.7,125.4,0.83,17.37,0,0.7564
2398,559,2,100,6.16,112.8,0.425,15.85,0,0.7564
2399,559,3,100,0.9,177.4,0.592,15.67,0,0.7564
2400,560,0,100,1.0,55.1,0.251,12.06,0,0.756
2401,560,1,100,6.49,62.2,0.599,14.84,0,0.756
2402,560,2,100,3.01,149.6,0.502,16.5,0,0.756
2403,560,3,100,2.52,212.1,0.202,13.71,0,0.7559
2404,560,4,100,0.91,60.0,0.458,13.02,0,0.7559
2405,560,5,100,6.01,217.7,0.826,17.42,0,0.7559
2406,561,0,100,3.08,137.0,0.833,19.89,0,0.7555
2407,561,1,100,1.24,218.3,0.609,17.84,0,0.7555
2408,561,2,100,2.29,183.2,0.679,17.71,0,0.7555
2409,561,3,100,5.36,114.8,0.214,13.7,0,0.7555
2410,562,0,100,3.26,84.8,0.896,21.04,0,0.7551
2411,562,1,100,3.54,61.6,0.76,18.6,0,0.7551
2412,562,2,100,2.01,177.2,0.685,16.76,0,0.7551
2413,562,3,100,5.66,58.4,0.529,15.97,0,0.755
2414,563,0,100,2.02,175.0,0.312,16.33,0,0.7547
2415,563,1,100,2.86,131.0,0.134,11.99,0,0.7547
2416,563,2,100,3.49,143.4,0.345,15.11,0,0.7546
2417,563,3,100,3.81,130.4,0.819,18.71,0,0.7546
2418,564,0,100,1.02,70.8,0.506,15.04,0,0.7542
2419,564,1,100,2.8,176.1,0.267,12.01,0,0.7542
2420,564,2,100,4.62,148.3,0.366,14.08,0,0.7542
2421,564,3,100,4.46,133.8,0.393,12.89,0,0.7542
2422,565,0,100,5.91,191.1,0.323,15.83,0,0.7538
2423,565,1,100,1.93,219.8,0.663,16.68,0,0.7538
2424,565,2,100,4.09,217.8,0.26,14.29,0,0.7538
2425,565,3,100,4.02,192.4,0.85,20.9,0,0.7538
2426,566,0,100,1.61,128.7,0.665,16.41,0,0.7534
2427,566,1,100,3.04,139.9,0.151,13.58,0,0.7534
2428,566,2,100,3.44,152.1,0.182,11.04,0,0.7533
2429,566,3,100,5.82,131.1,0.86,18.73,0,0.7533
2430,567,0,100,1.79,132.5,0.837,16.65,0,0.753
2431,567,1,100,5.97,100.9,0.119,13.9,0,0.7529
2432,567,2,100,3.4,55.3,0.508,16.66,0,0.7529
2433,567,3,100,1.26,127.4,0.889,20.6,0,0.7529
2434,567,4,100,1.74,128.3,0.481,14.62,0,0.7529
2435,567,5,100,5.93,171.8,0.125,14.65,0,0.7529
2436,568,0,100,2.5,116.3,0.304,14.86,0,0.7525
2437,568,1,100,2.41,108.9,0.517,18.28,0,0.7525
2438,568,2,100,4.28,130.0,0.127,12.16,0,0.7524
2439,568,3,100,0.83,158.9,0.758,18.65,0,0.7524
2440,569,0,100,5.03,72.5,0.138,12.41,0,0.7521
2441,569,1,100,5.54,75.5,0.755,20.39,0,0.752
2442,569,2,100,1.64,151.9,0.288,15.61,0,0.752
2443,569,3,100,1.48,196.9,0.639,16.75,0,0.752
2444,570,0,100,5.03,160.4,0.186,11.96,0,0.7516
2445,570,1,100,2.17,140.8,0.208,15.58,0,0.7516
2446,570,2,100,2.21,181.6,0.299,12.63,0,0.7516
2447,570,3,100,0.84,94.6,0.208,13.5,0,0.7516
2448,571,0,100,6.03,77.5,0.614,17.2,0,0.7512
2449,571,1,100,2.75,219.0,0.699,19.01,0,0.7512
2450,571,2,100,4.2,157.5,0.303,15.76,0,0.7511
2451,571,3,100,1.26,135.0,0.454,14.46,0,0.7511
2452,572,0,100,4.5,190.5,0.474,16.86,0,0.7508
2453,572,1,100,1.44,167.9,0.84,15.74,0,0.7507
2454,572,2,100,4.11,144.1,0.141,13.82,0,0.7507
2455,572,3,100,2.09,55.6,0.537,14.99,0,0.7507
2456,573,0,100,3.06,41.2,0.588,17.87,0,0.7503
2457,573,1,100,3.37,128.8,0.218,15.39,0,0.7503
2458,573,2,100,3.64,79.0,0.746,19.73,0,0.7503
2459,573,3,100,6.04,127.8,0.698,17.64,0,0.7503
2460,574,0,100,2.53,105.0,0.574,16.01,0,0.7499
2461,574,1,100,5.26,141.0,0.702,17.15,0,0.7499
2462,574,2,100,0.89,64.4,0.631,19.02,0,0.7499
2463,574,3,100,1.47,105.2,0.682,16.55,0,0.7498
2464,574,4,100,3.92,67.2,0.254,13.64,0,0.7498
2465,574,5,100,5.98,188.7,0.446,16.8,0,0.7498
2466,575,0,100,4.47,166.0,0.857,17.62,0,0.7494
2467,575,1,100,5.68,177.9,0.517,15.44,0,0.7494
2468,575,2,100,5.33,78.9,0.281,15.51,0,0.7494
2469,575,3,100,1.96,176.1,0.551,16.66,0,0.7494
2470,576,0,100,1.53,139.5,0.646,17.58,0,0.749
2471,576,1,100,2.97,211.1,0.294,13.34,0,0.749
2472,576,2,100,5.74,93.4,0.611,14.79,0,0.749
2473,576,3,100,5.38,124.3,0.648,15.75,0,0.7489
2474,577,0,100,2.24,87.6,0.477,18.33,0,0.7486
2475,577,1,100,6.43,162.7,0.733,19.0,0,0.7486
2476,577,2,100,2.57,141.5,0.894,21.5,0,0.7485
2477,577,3,100,1.2,69.0,0.574,15.99,0,0.7485
2478,578,0,100,2.86,45.1,0.441,15.5,0,0.7481
2479,578,1,100,4.44,150.9,0.215,12.44,0,0.7481
2480,578,2,100,1.6,101.1,0.109,14.52,0,0.7481
2481,578,3,100,6.12,210.5,0.173,12.56,0,0.7481
2482,579,0,100,6.43,106.3,0.559,13.38,0,0.7477
2483,579,1,100,5.0,155.4,0.277,16.67,0,0.7477
2484,579,2,100,1.32,68.5,0.107,15.36,0,0.7477
2485,579,3,100,2.21,160.7,0.701,17.57,0,0.7477
2486,580,0,100,1.72,117.6,0.896,20.31,0,0.7473
2487,580,1,100,1.23,171.9,0.295,13.69,0,0.7473
2488,580,2,100,4.01,193.9,0.782,20.28,0,0.7472
2489,580,3,100,3.57,147.3,0.526,17.44,0,0.7472
2490,581,0,100,5.21,76.1,0.573,15.9,0,0.7469
2491,581,1,100,5.83,92.0,0.576,18.36,0,0.7468
2492,581,2,100,3.44,161.0,0.266,15.16,0,0.7468
2493,581,3,100,5.14,171.4,0.426,13.77,0,0.7468
2494,581,4,100,1.76,70.6,0.719,16.77,0,0.7468
2495,581,5,100,1.73,99.4,0.586,17.9,0,0.7467
2496,582,0,100,4.41,154.9,0.293,13.4,0,0.7464
2497,582,1,100,1.14,170.3,0.668,19.5,0,0.7464
2498,582,2,100,0.94,218.4,0.612,17.07,0,0.7463
2499,582,3,100,4.65,75.8,0.429,15.13,0,0.7463
2500,583,0,100,2.75,161.9,0.414,16.6,0,0.7459
2501,583,1,100,3.12,100.5,0.228,12.13,0,0.7459
2502,583,2,100,2.38,185.0,0.174,15.55,0,0.7459
2503,583,3,100,2.7,96.2,0.162,13.8,0,0.7459
2504,584,0,100,2.27,167.5,0.178,15.08,0,0.7455
2505,584,1,100,5.37,142.6,0.396,16.55,0,0.7455
2506,584,2,100,2.06,66.2,0.386,16.95,0,0.7455
2507,584,3,100,4.04,95.1,0.481,15.51,0,0.7455
2508,585,0,100,3.02,53.4,0.699,19.56,0,0.7451
2509,585,1,100,2.08,60.9,0.39,15.23,0,0.7451
2510,585,2,100,3.66,45.8,0.339,15.2,0,0.745
2511,585,3,100,3.67,156.2,0.857,17.6,0,0.745
2512,586,0,100,3.51,148.2,0.444,16.34,0,0.7447
2513,586,1,100,5.14,84.1,0.732,16.76,0,0.7446
2514,586,2,100,4.08,187.4,0.539,16.68,0,0.7446
2515,586,3,100,4.72,191.9,0.497,16.92,0,0.7446
2516,587,0,100,5.15,41.7,0.554,16.82,0,0.7442
2517,587,1,100,4.68,149.5,0.24,12.85,0,0.7442
2518,587,2,100,1.31,110.2,0.515,15.77,0,0.7442
2519,587,3,100,1.02,139.9,0.796,16.9,0,0.7442
2520,588,0,100,3.28,154.6,0.591,17.97,0,0.7438
2521,588,1,100,2.88,93.3,0.847,18.8,0,0.7438
2522,588,2,100,1.95,57.2,0.162,11.74,0,0.7438
2523,588,3,100,1.8,112.1,0.202,13.55,0,0.7437
2524,588,4,100,2.04,72.4,0.806,17.3,0,0.7437
2525,588,5,100,2.96,127.3,0.342,15.18,0,0.7437
2526,589,0,100,1.48,127.7,0.314,13.06,0,0.7433
2527,589,1,100,5.0,184.5,0.71,20.11,0,0.7433
2528,589,2,100,5.05,153.6,0.197,11.86,0,0.7433
2529,589,3,100,0.82,56.2,0.446,18.06,0,0.7433
2530,590,0,100,1.11,139.8,0.287,18.04,0,0.7429
2531,590,1,100,6.2,197.2,0.841,18.59,0,0.7429
2532,590,2,100,1.31,138.6,0.488,17.3,0,0.7429
2533,590,3,100,4.99,101.1,0.227,12.31,0,0.7428
2534,591,0,100,4.0,183.4,0.335,16.7,0,0.7425
2535,591,1,100,1.44,124.8,0.547,14.42,0,0.7425
2536,591,2,100,3.3,182.8,0.671,17.36,0,0.7424
2537,591,3,100,1.35,200.0,0.132,13.7,0,0.7424
2538,592,0,100,3.95,112.4,0.142,13.61,0,0.742
2539,592,1,100,4.02,140.7,0.649,15.02,0,0.742
2540,592,2,100,2.81,209.8,0.864,20.89,0,0.742
2541,592,3,100,1.83,192.5,0.692,16.16,0,0.742
2542,593,0,100,2.23,195.1,0.508,16.04,0,0.7416
2543,593,1,100,2.17,160.3,0.792,18.46,0,0.7416
2544,593,2,100,4.58,162.0,0.535,15.96,0,0.7416
2545,593,3,100,5.85,46.4,0.622,16.28,0,0.7415
2546,594,0,100,5.68,180.0,0.584,16.81,0,0.7412
2547,594,1,100,3.64,144.4,0.767,16.02,0,0.7412
2548,594,2,100,1.62,198.6,0.681,17.09,0,0.7411
2549,594,3,100,2.11,146.8,0.641,16.43,0,0.7411
2550,595,0,100,2.63,125.7,0.116,13.98,0,0.7407
2551,595,1,100,4.48,199.1,0.842,16.96,0,0.7407
2552,595,2,100,3.23,42.6,0.482,16.62,0,0.7407
2553,595,3,100,4.49,169.3,0.443,13.12,0,0.7407
2554,595,4,100,3.97,185.9,0.355,15.81,0,0.7407
2555,595,5,100,6.29,127.3,0.751,16.86,0,0.7406
2556,596,0,100,5.27,121.9,0.624,16.82,0,0.7403
2557,596,1,100,3.89,181.6,0.452,16.56,0,0.7403
2558,596,2,100,2.55,211.3,0.381,15.53,0,0.7402
2559,596,3,100,6.49,129.5,0.303,16.8,0,0.7402
2560,597,0,100,5.73,126.9,0.182,9.29,0,0.7399
2561,597,1,100,5.09,152.3,0.741,14.93,0,0.7398
2562,597,2,100,4.42,114.3,0.863,18.38,0,0.7398
2563,597,3,100,5.47,177.1,0.771,18.46,0,0.7398
2564,598,0,100,6.05,183.3,0.573,15.57,0,0.7394
2565,598,1,100,0.96,207.0,0.374,15.67,0,0.7394
2566,598,2,100,2.81,160.5,0.828,19.52,0,0.7394
2567,598,3,100,4.88,147.5,0.35,17.38,0,0.7394
2568,599,0,100,2.82,80.5,0.203,12.68,0,0.739
2569,599,1,100,2.2,69.6,0.194,13.02,0,0.739
2570,599,2,100,4.68,160.1,0.18,12.52,0,0.7389
2571,599,3,100,1.82,133.0,0.869,17.44,0,0.7389
2572,600,0,100,1.04,74.8,0.499,14.81,0,0.7386
2573,600,1,100,5.81,184.9,0.305,16.48,0,0.7385
2574,600,2,100,5.28,159.2,0.32,16.65,0,0.7385
2575,600,3,100,4.6,102.7,0.656,19.97,0,0.7385
2576,601,0,100,4.52,44.8,0.626,15.21,0,0.7381
2577,601,1,100,1.61,43.3,0.359,15.03,0,0.7381
2578,601,2,100,1.58,207.5,0.168,12.36,0,0.7381
2579,601,3,100,1.84,166.1,0.645,17.48,0,0.7381
2580,602,0,100,6.1,184.6,0.202,15.09,0,0.7377
2581,602,1,100,5.69,108.5,0.271,13.33,0,0.7377
2582,602,2,100,4.21,93.7,0.522,15.03,0,0.7377
2583,602,3,100,3.22,219.8,0.542,16.26,0,0.7376
2584,602,4,100,2.28,165.2,0.489,14.41,0,0.7376
2585,602,5,100,3.69,117.1,0.573,14.76,0,0.7376
2586,603,0,100,6.43,96.9,0.468,16.32,0,0.7372
2587,603,1,100,2.94,179.5,0.604,15.46,0,0.7372
2588,603,2,100,1.09,135.0,0.348,16.21,0,0.7372
2589,603,3,100,3.95,161.5,0.617,17.53,0,0.7372
2590,604,0,100,2.39,82.5,0.355,14.67,0,0.7368
2591,604,1,100,2.77,105.5,0.316,14.22,0,0.7368
2592,604,2,100,4.5,124.8,0.689,19.77,0,0.7368
2593,604,3,100,4.87,180.4,0.689,16.37,0,0.7367
2594,605,0,100,3.01,149.6,0.872,18.22,0,0.7364
2595,605,1,100,1.03,94.2,0.888,21.4,0,0.7364
2596,605,2,100,3.01,82.8,0.874,16.9,0,0.7363
2597,605,3,100,0.92,44.8,0.281,12.54,0,0.7363
2598,606,0,100,4.28,40.3,0.663,15.08,0,0.7359
2599,606,1,100,1.28,42.2,0.473,17.6,0,0.7359
2600,606,2,100,5.53,100.4,0.776,19.13,0,0.7359
2601,606,3,100,6.48,206.5,0.796,17.03,0,0.7359
2602,607,0,100,4.85,113.0,0.326,14.45,0,0.7355
2603,607,1,100,3.11,101.6,0.373,14.71,0,0.7355
2604,607,2,100,6.22,186.6,0.479,13.09,0,0.7355
2605,607,3,100,3.71,162.9,0.3,13.58,0,0.7354
2606,608,0,100,6.17,142.6,0.428,14.53,0,0.7351
2607,608,1,100,1.63,146.7,0.703,15.05,0,0.7351
2608,608,2,100,6.36,92.8,0.651,13.62,0,0.735
2609,608,3,100,6.13,127.6,0.291,16.6,0,0.735
2610,609,0,100,1.38,95.0,0.383,13.21,0,0.7347
2611,609,1,100,4.15,109.6,0.4,16.34,0,0.7346
2612,609,2,100,6.45,93.3,0.677,17.09,0,0.7346
2613,609,3,100,0.81,179.7,0.314,13.31,0,0.7346
2614,609,4,100,3.39,86.6,0.484,13.57,0,0.7346
2615,609,5,100,6.4,204.0,0.505,14.94,0,0.7346
2616,610,0,100,3.41,139.1,0.158,15.67,0,0.7342
2617,610,1,100,1.4,185.9,0.702,15.71,0,0.7342
2618,610,2,100,5.6,157.1,0.142,15.1,0,0.7341
2619,610,3,100,3.52,104.5,0.765,18.73,0,0.7341
2620,611,0,100,1.94,185.2,0.286,13.02,0,0.7338
2621,611,1,100,0.97,89.0,0.264,13.47,0,0.7337
2622,611,2,100,6.31,195.6,0.197,13.17,0,0.7337
2623,611,3,100,3.6,79.9,0.34,14.27,0,0.7337
2624,612,0,100,5.7,89.9,0.618,19.13,0,0.7333
2625,612,1,100,2.68,83.1,0.616,16.81,0,0.7333
2626,612,2,100,6.2,107.8,0.115,13.69,0,0.7333
2627,612,3,100,2.71,179.0,0.726,16.72,0,0.7333
2628,613,0,100,4.77,173.6,0.564,16.09,0,0.7329
2629,613,1,100,2.53,46.4,0.217,13.37,0,0.7329
2630,613,2,100,6.44,48.6,0.717,19.58,0,0.7329
2631,613,3,100,5.8,53.2,0.249,13.35,0,0.7328
2632,614,0,100,4.01,185.3,0.359,14.85,0,0.7325
2633,614,1,100,2.23,80.8,0.844,18.84,0,0.7324
2634,614,2,100,3.86,125.1,0.492,14.73,0,0.7324
2635,614,3,100,5.26,111.7,0.895,18.73,0,0.7324
2636,615,0,100,5.63,198.2,0.802,19.11,0,0.732
2637,615,1,100,4.98,165.9,0.328,17.99,0,0.732
2638,615,2,100,6.17,164.4,0.681,17.05,0,0.732
2639,615,3,100,1.76,151.0,0.385,14.65,0,0.732
2640,616,0,100,4.39,87.4,0.272,13.15,0,0.7316
2641,616,1,100,3.43,179.1,0.283,13.52,0,0.7316
2642,616,2,100,2.01,215.5,0.796,16.69,0,0.7316
2643,616,3,100,1.99,90.8,0.623,17.75,0,0.7315
2644,616,4,100,4.4,69.6,0.166,14.01,0,0.7315
2645,616,5,100,2.92,58.1,0.251,14.9,0,0.7315
2646,617,0,100,5.77,208.9,0.623,18.07,0,0.7311
2647,617,1,100,6.35,86.6,0.291,14.86,0,0.7311
2648,617,2,100,3.22,164.7,0.886,15.63,0,0.7311
2649,617,3,100,2.45,93.3,0.764,21.59,0,0.7311
2650,618,0,100,4.43,219.6,0.887,21.5,0,0.7307
2651,618,1,100,3.66,186.5,0.894,19.58,0,0.7307
2652,618,2,100,1.82,135.0,0.83,19.57,0,0.7307
2653,618,3,100,2.01,41.7,0.745,16.32,0,0.7306
2654,619,0,100,4.29,62.9,0.824,17.23,0,0.7303
2655,619,1,100,4.33,155.1,0.852,16.12,0,0.7302
2656,619,2,100,3.9,89.6,0.506,16.67,0,0.7302
2657,619,3,100,2.72,147.3,0.173,14.34,0,0.7302
2658,620,0,100,3.57,195.2,0.739,17.58,0,0.7298
2659,620,1,100,3.45,206.1,0.782,17.5,0,0.7298
2660,620,2,100,1.64,155.6,0.639,19.37,0,0.7298
2661,620,3,100,6.24,218.6,0.472,19.36,0,0.7298
2662,621,0,100,5.79,156.4,0.864,17.19,0,0.7294
2663,621,1,100,1.35,197.2,0.466,16.64,0,0.7294
2664,621,2,100,3.04,185.0,0.417,13.85,0,0.7294
2665,621,3,100,2.49,176.6,0.437,15.25,0,0.7294
2666,622,0,100,6.36,186.9,0.5,16.21,0,0.729
2667,622,1,100,2.69,154.9,0.171,11.88,0,0.729
2668,622,2,100,2.67,127.3,0.281,12.25,0,0.7289
2669,622,3,100,6.26,156.2,0.12,12.58,0,0.7289
2670,623,0,100,4.98,69.1,0.465,13.3,0,0.7286
2671,623,1,100,1.52,83.4,0.105,11.43,0,0.7285
2672,623,2,100,2.11,152.3,0.549,19.62,0,0.7285
2673,623,3,100,3.52,217.4,0.758,16.64,0,0.7285
2674,623,4,100,1.33,111.5,0.292,15.93,0,0.7285
2675,623,5,100,3.49,184.2,0.287,12.62,0,0.7285
2676,624,0,100,3.27,70.2,0.532,13.36,0,0.7281
2677,624,1,100,2.23,51.3,0.447,11.52,0,0.7281
2678,624,2,100,3.61,119.8,0.556,17.23,0,0.728
2679,624,3,100,5.19,146.3,0.227,14.91,0,0.728
2680,625,0,100,2.87,160.9,0.479,16.09,0,0.7277
2681,625,1,100,6.01,115.8,0.465,15.11,0,0.7276
2682,625,2,100,6.16,118.1,0.317,13.3,0,0.7276
2683,625,3,100,6.04,122.2,0.692,17.56,0,0.7276
2684,626,0,100,5.14,97.3,0.632,15.11,0,0.7272
2685,626,1,100,1.11,138.3,0.209,11.51,0,0.7272
2686,626,2,100,5.03,132.9,0.316,11.63,0,0.7272
2687,626,3,100,4.26,186.3,0.542,16.67,0,0.7272
2688,627,0,100,1.24,118.8,0.273,13.82,0,0.7268
2689,627,1,100,2.89,118.4,0.481,18.0,0,0.7268
2690,627,2,100,4.33,86.1,0.256,15.53,0,0.7268
2691,627,3,100,0.96,176.8,0.105,11.33,0,0.7267
2692,628,0,100,5.14,41.6,0.18,14.93,0,0.7264
2693,628,1,100,5.63,168.2,0.388,15.34,0,0.7263
2694,628,2,100,5.93,199.2,0.449,15.59,0,0.7263
2695,628,3,100,3.28,214.3,0.574,22.02,0,0.7263
2696,629,0,100,5.08,204.3,0.827,21.55,0,0.7259
2697,629,1,100,5.71,108.6,0.455,16.43,0,0.7259
2698,629,2,100,6.12,148.1,0.639,16.54,0,0.7259
2699,629,3,100,3.88,192.4,0.417,14.32,0,0.7259
2700,630,0,100,4.97,112.5,0.557,15.34,0,0.7255
2701,630,1,100,3.62,149.1,0.793,15.82,0,0.7255
2702,630,2,100,2.24,108.9,0.172,14.1,0,0.7255
2703,630,3,100,6.17,146.2,0.319,12.68,0,0.7254
2704,630,4,100,6.17,142.9,0.462,15.75,0,0.7254
2705,630,5,100,5.22,175.3,0.194,12.04,0,0.7254
2706,631,0,100,5.63,84.6,0.187,12.7,0,0.725
2707,631,1,100,6.08,152.8,0.707,18.72,0,0.725
2708,631,2,100,6.22,53.2,0.103,12.89,0,0.725
2709,631,3,100,0.86,40.9,0.387,15.21,0,0.725
2710,632,0,100,3.02,209.3,0.876,19.63,0,0.7246
2711,632,1,100,6.23,163.6,0.345,10.87,0,0.7246
2712,632,2,100,4.85,145.9,0.27,12.19,0,0.7246
2713,632,3,100,2.95,108.9,0.874,19.11,0,0.7245
2714,633,0,100,6.12,174.4,0.641,15.66,0,0.7242
2715,633,1,100,4.3,162.6,0.588,15.73,0,0.7241
2716,633,2,100,4.85,55.9,0.511,14.37,0,0.7241
2717,633,3,100,3.14,150.7,0.247,14.61,0,0.7241
2718,634,0,100,1.7,102.3,0.439,18.39,0,0.7237
2719,634,1,100,0.84,80.2,0.368,11.99,0,0.7237
2720,634,2,100,1.71,203.4,0.752,16.8,0,0.7237
2721,634,3,100,4.47,53.1,0.204,11.21,0,0.7237
2722,635,0,100,2.41,167.6,0.638,17.54,0,0.7233
2723,635,1,100,5.82,118.4,0.716,18.47,0,0.7233
2724,635,2,100,2.43,108.1,0.709,18.04,0,0.7233
2725,635,3,100,6.12,47.4,0.45,12.93,0,0.7232
2726,636,0,100,4.36,132.9,0.86,19.4,0,0.7229
2727,636,1,100,2.64,84.4,0.276,15.45,0,0.7229
2728,636,2,100,6.35,146.5,0.206,13.48,0,0.7228
2729,636,3,100,4.04,118.8,0.159,13.51,0,0.7228
2730,637,0,100,4.31,197.6,0.375,17.84,0,0.7225
2731,637,1,100,3.52,117.7,0.817,20.24,0,0.7224
2732,637,2,100,5.77,89.4,0.571,18.6,0,0.7224
2733,637,3,100,5.2,156.8,0.899,20.06,0,0.7224
2734,637,4,100,3.95,165.8,0.845,18.99,0,0.7224
2735,637,5,100,2.96,161.6,0.229,13.02,0,0.7224
2736,638,0,100,5.69,192.8,0.123,12.37,0,0.722
2737,638,1,100,5.28,186.9,0.879,18.31,0,0.722
2738,638,2,100,4.99,139.0,0.722,17.82,0,0.7219
2739,638,3,100,3.63,162.2,0.155,16.05,0,0.7219
2740,639,0,100,5.39,202.4,0.814,17.26,0,0.7216
2741,639,1,100,6.36,98.3,0.643,18.21,0,0.7215
2742,639,2,100,5.71,197.1,0.316,15.98,0,0.7215
2743,639,3,100,1.91,65.5,0.297,11.8,0,0.7215
2744,640,0,100,2.71,65.9,0.389,15.58,0,0.7211
2745,640,1,100,6.07,90.3,0.741,17.94,0,0.7211
2746,640,2,100,5.9,145.5,0.105,13.67,0,0.7211
2747,640,3,100,5.89,116.2,0.81,18.12,0,0.7211
2748,641,0,100,1.89,163.7,0.118,13.56,0,0.7207
2749,641,1,100,6.24,65.8,0.896,20.19,0,0.7207
2750,641,2,100,5.92,63.8,0.348,15.6,0,0.7206
2751,641,3,100,4.37,113.0,0.711,17.08,0,0.7206
2752,642,0,100,2.35,139.9,0.655,14.72,0,0.7203
2753,642,1,100,1.62,44.6,0.196,10.57,0,0.7202
2754,642,2,100,1.08,57.3,0.509,16.15,0,0.7202
2755,642,3,100,4.29,131.4,0.522,16.51,0,0.7202
2756,643,0,100,6.07,216.2,0.28,14.97,0,0.7198
2757,643,1,100,2.27,98.6,0.823,16.92,0,0.7198
2758,643,2,100,5.72,190.4,0.256,15.4,0,0.7198
2759,643,3,100,5.2,183.7,0.277,16.82,0,0.7198
2760,644,0,100,5.13,60.6,0.797,16.18,0,0.7194
2761,644,1,100,6.37,210.5,0.68,19.46,0,0.7194
2762,644,2,100,5.66,109.6,0.502,17.7,0,0.7194
2763,644,3,100,5.59,103.7,0.685,15.6,0,0.7193
2764,644,4,100,1.71,143.8,0.701,18.45,0,0.7193
2765,644,5,100,3.19,73.5,0.538,17.23,0,0.7193
2766,645,0,100,3.77,152.9,0.831,18.16,0,0.7189
2767,645,1,100,3.17,211.6,0.341,13.82,0,0.7189
2768,645,2,100,6.15,133.7,0.513,14.75,0,0.7189
2769,645,3,100,6.02,194.8,0.675,17.23,0,0.7189
2770,646,0,100,2.23,212.5,0.709,20.59,0,0.7185
2771,646,1,100,1.64,80.6,0.626,15.07,0,0.7185
2772,646,2,100,2.18,106.0,0.53,17.22,0,0.7185
2773,646,3,100,1.7,76.9,0.53,17.71,0,0.7184
2774,647,0,100,2.57,89.2,0.493,16.29,0,0.7181
2775,647,1,100,2.01,118.8,0.46,14.96,0,0.718
2776,647,2,100,5.86,131.7,0.595,16.84,0,0.718
2777,647,3,100,2.89,67.7,0.839,16.92,0,0.718
2778,648,0,100,4.7,62.1,0.251,15.25,0,0.7176
2779,648,1,100,1.92,101.9,0.738,18.19,0,0.7176
2780,648,2,100,5.55,201.2,0.416,15.91,0,0.7176
2781,648,3,100,4.3,121.3,0.184,13.41,0,0.7176
2782,649,0,100,6.29,111.5,0.491,17.23,0,0.7172
2783,649,1,100,1.94,145.8,0.668,16.15,0,0.7172
2784,649,2,100,1.75,201.7,0.661,16.55,0,0.7172
2785,649,3,100,4.42,118.2,0.746,20.68,0,0.7172
2786,650,0,100,6.45,84.1,0.49,16.73,0,0.7168
2787,650,1,100,1.76,209.7,0.408,15.78,0,0.7168
2788,650,2,100,2.66,151.0,0.521,16.92,0,0.7167
2789,650,3,100,1.34,96.6,0.783,17.69,0,0.7167
2790,651,0,100,5.67,215.7,0.603,16.19,0,0.7164
2791,651,1,100,1.35,154.3,0.449,18.77,0,0.7163
2792,651,2,100,4.92,198.9,0.499,16.49,0,0.7163
2793,651,3,100,5.76,160.3,0.17,13.85,0,0.7163
2794,651,4,100,2.03,100.9,0.55,14.89,0,0.7163
2795,651,5,100,2.96,94.5,0.857,18.77,0,0.7163
2796,652,0,100,2.23,86.2,0.51,15.43,0,0.7159
2797,652,1,100,3.85,214.4,0.455,16.5,0,0.7159
2798,652,2,100,1.53,99.6,0.219,14.18,0,0.7158
2799,652,3,100,2.86,49.7,0.783,17.72,0,0.7158
2800,653,0,100,3.49,217.6,0.273,15.09,0,0.7154
2801,653,1,100,5.8,66.6,0.831,20.21,0,0.7154
2802,653,2,100,1.89,136.4,0.734,18.81,0,0.7154
2803,653,3,100,0.95,170.7,0.177,13.91,0,0.7154
2804,654,0,100,4.98,130.9,0.469,14.11,0,0.715
2805,654,1,100,5.12,129.3,0.262,17.06,0,0.715
2806,654,2,100,4.51,217.8,0.834,18.67,0,0.715
2807,654,3,100,5.12,92.7,0.314,14.44,0,0.715
2808,655,0,100,2.0,163.5,0.74,17.71,0,0.7146
2809,655,1,100,4.62,85.7,0.354,15.14,0,0.7146
2810,655,2,100,3.33,90.4,0.217,14.05,0,0.7146
2811,655,3,100,5.57,147.4,0.555,14.4,0,0.7145
2812,656,0,100,6.12,170.8,0.855,21.08,0,0.7142
2813,656,1,100,4.1,62.1,0.844,16.79,0,0.7141
2814,656,2,100,4.32,173.4,0.378,17.39,0,0.7141
2815,656,3,100,3.62,90.3,0.313,13.6,0,0.7141
2816,657,0,100,3.33,65.5,0.454,14.98,0,0.7137
2817,657,1,100,4.26,40.1,0.792,21.27,0,0.7137
2818,657,2,100,6.28,63.4,0.3,14.94,0,0.7137
2819,657,3,100,5.11,197.7,0.632,18.58,0,0.7137
2820,658,0,100,6.32,51.1,0.229,14.88,0,0.7133
2821,658,1,100,3.29,142.1,0.26,12.9,0,0.7133
2822,658,2,100,2.41,41.5,0.416,14.58,0,0.7133
2823,658,3,100,2.28,69.4,0.297,13.5,0,0.7132
2824,658,4,100,1.78,141.9,0.226,15.62,0,0.7132
2825,658,5,100,5.37,140.2,0.855,17.37,0,0.7132
2826,659,0,100,5.28,113.8,0.697,17.11,0,0.7128
2827,659,1,100,4.05,109.6,0.841,21.57,0,0.7128
2828,659,2,100,2.58,200.9,0.709,16.45,0,0.7128
2829,659,3,100,6.28,199.5,0.855,20.24,0,0.7128
2830,660,0,100,1.87,110.4,0.119,14.26,0,0.7124
2831,660,1,100,6.24,66.5,0.492,15.2,0,0.7124
2832,660,2,100,3.51,91.7,0.81,20.53,0,0.7124
2833,660,3,100,0.8,191.1,0.791,16.06,0,0.7123
2834,661,0,100,1.32,177.7,0.517,16.32,0,0.712
2835,661,1,100,2.89,154.5,0.74,18.46,0,0.712
2836,661,2,100,3.88,207.3,0.796,15.05,0,0.7119
2837,661,3,100,2.97,194.3,0.547,18.34,0,0.7119
2838,662,0,100,3.94,188.6,0.3,12.18,0,0.7115
2839,662,1,100,4.25,100.2,0.292,16.38,0,0.7115
2840,662,2,100,3.88,129.8,0.384,14.9,0,0.7115
2841,662,3,100,1.53,49.4,0.132,12.62,0,0.7115
2842,663,0,100,1.07,117.4,0.179,11.89,0,0.7111
2843,663,1,100,1.13,163.0,0.358,15.13,0,0.7111
2844,663,2,100,3.13,187.7,0.752,18.24,0,0.7111
2845,663,3,100,4.24,96.0,0.837,17.44,0,0.711
2846,664,0,100,4.48,119.4,0.454,17.32,0,0.7107
2847,664,1,100,5.91,94.1,0.428,14.92,0,0.7107
2848,664,2,100,4.45,144.1,0.83,17.26,0,0.7106
2849,664,3,100,2.55,131.7,0.405,14.33,0,0.7106
2850,665,0,100,3.6,158.6,0.321,13.97,0,0.7102
2851,665,1,100,5.27,167.1,0.269,14.15,0,0.7102
2852,665,2,100,3.12,81.9,0.707,18.12,0,0.7102
2853,665,3,100,4.23,72.4,0.545,15.5,0,0.7102
2854,665,4,100,4.56,175.2,0.423,15.14,0,0.7102
2855,665,5,100,3.78,56.5,0.525,14.35,0,0.7101
2856,666,0,100,6.46,141.5,0.775,14.96,0,0.7098
2857,666,1,100,6.23,177.7,0.295,14.78,0,0.7098
2858,666,2,100,5.42,156.8,0.759,18.53,0,0.7097
2859,666,3,100,2.64,137.8,0.386,16.75,0,0.7097
2860,667,0,100,6.06,145.0,0.454,16.52,0,0.7094
2861,667,1,100,6.07,51.4,0.85,18.34,0,0.7093
2862,667,2,100,0.95,121.9,0.701,17.12,0,0.7093
2863,667,3,100,5.15,59.9,0.797,17.43,0,0.7093
2864,668,0,100,5.28,160.9,0.527,15.96,0,0.7089
2865,668,1,100,3.56,213.8,0.536,16.92,0,0.7089
2866,668,2,100,3.84,139.4,0.86,18.87,0,0.7089
2867,668,3,100,5.56,156.5,0.224,13.15,0,0.7089
2868,669,0,100,6.31,112.2,0.13,13.52,0,0.7085
2869,669,1,100,4.4,177.5,0.793,18.91,0,0.7085
2870,669,2,100,2.75,198.9,0.652,17.54,0,0.7085
2871,669,3,100,2.05,47.4,0.408,15.62,0,0.7084
2872,670,0,100,3.08,95.5,0.185,14.71,0,0.7081
2873,670,1,100,1.42,71.7,0.472,15.01,0,0.708
2874,670,2,100,5.59,111.7,0.809,20.8,0,0.708
2875,670,3,100,1.21,78.7,0.389,14.96,0,0.708
2876,671,0,100,3.51,66.5,0.726,19.82,0,0.7076
2877,671,1,100,3.17,106.5,0.729,21.37,0,0.7076
2878,671,2,100,3.75,144.5,0.733,18.52,0,0.7076
2879,671,3,100,5.35,218.0,0.239,12.37,0,0.7076
2880,672,0,100,1.56,102.4,0.498,15.76,0,0.7072
2881,672,1,100,6.37,126.6,0.38,14.27,0,0.7072
2882,672,2,100,1.69,107.0,0.731,15.16,0,0.7072
2883,672,3,100,5.62,135.7,0.644,17.17,0,0.7071
2884,672,4,100,6.12,45.2,0.808,15.25,0,0.7071
2885,672,5,100,1.43,214.5,0.533,17.36,0,0.7071
2886,673,0,100,6.44,63.2,0.75,16.6,0,0.7067
2887,673,1,100,3.26,146.0,0.885,19.53,0,0.7067
2888,673,2,100,3.99,218.4,0.719,15.32,0,0.7067
2889,673,3,100,1.6,40.4,0.685,15.35,0,0.7067
2890,674,0,100,3.1,102.5,0.458,15.26,0,0.7063
2891,674,1,100,6.46,83.2,0.833,18.97,0,0.7063
2892,674,2,100,1.24,55.5,0.272,11.47,0,0.7063
2893,674,3,100,2.36,159.0,0.376,13.79,0,0.7062
2894,675,0,100,0.8,64.0,0.42,14.51,0,0.7059
2895,675,1,100,2.3,195.4,0.467,18.28,0,0.7059
2896,675,2,100,5.11,217.4,0.218,14.16,0,0.7058
2897,675,3,100,0.89,95.1,0.76,19.59,0,0.7058
2898,676,0,100,1.46,78.5,0.528,14.22,0,0.7054
2899,676,1,100,1.82,164.3,0.618,18.49,0,0.7054
2900,676,2,100,0.82,166.9,0.151,11.8,0,0.7054
2901,676,3,100,3.89,201.0,0.625,18.41,0,0.7054
2902,677,0,100,2.12,147.3,0.71,17.98,0,0.705
2903,677,1,100,3.03,216.8,0.39,16.72,0,0.705
2904,677,2,100,4.04,76.7,0.513,15.9,0,0.705
2905,677,3,100,1.15,59.5,0.157,17.18,0,0.7049
2906,678,0,100,4.18,61.3,0.267,14.43,0,0.7046
2907,678,1,100,3.48,112.3,0.463,14.26,0,0.7046
2908,678,2,100,0.98,72.1,0.883,17.89,0,0.7045
2909,678,3,100,4.28,195.2,0.607,16.86,0,0.7045
2910,679,0,100,6.4,175.4,0.734,16.57,0,0.7041
2911,679,1,100,3.81,148.5,0.575,17.37,0,0.7041
2912,679,2,100,3.48,158.2,0.266,15.17,0,0.7041
2913,679,3,100,6.4,89.5,0.352,13.54,0,0.7041
2914,679,4,100,2.3,101.9,0.709,17.28,0,0.7041
2915,679,5,100,2.66,57.5,0.304,10.85,0,0.704
2916,680,0,100,1.39,73.3,0.143,12.96,0,0.7037
2917,680,1,100,5.78,115.5,0.704,17.58,0,0.7037
2918,680,2,100,1.55,182.5,0.431,15.59,0,0.7036
2919,680,3,100,2.14,104.7,0.141,10.56,0,0.7036
2920,681,0,100,3.35,200.1,0.753,20.06,0,0.7032
2921,681,1,100,5.0,117.9,0.569,19.79,0,0.7032
2922,681,2,100,2.61,151.9,0.294,14.81,0,0.7032
2923,681,3,100,6.03,82.3,0.268,16.37,0,0.7032
2924,682,0,100,1.4,197.8,0.612,16.83,0,0.7028
2925,682,1,100,3.31,77.2,0.619,19.25,0,0.7028
2926,682,2,100,3.84,152.1,0.234,14.73,0,0.7028
2927,682,3,100,6.22,162.0,0.654,16.54,0,0.7028
2928,683,0,100,2.73,163.3,0.33,16.55,0,0.7024
2929,683,1,100,3.91,112.7,0.598,18.21,0,0.7024
2930,683,2,100,1.93,41.1,0.188,13.54,0,0.7024
2931,683,3,100,4.18,139.1,0.857,18.03,0,0.7023
2932,684,0,100,4.3,64.3,0.668,18.65,0,0.702
2933,684,1,100,2.93,218.3,0.613,17.98,0,0.7019
2934,684,2,100,5.05,210.4,0.12,13.44,0,0.7019
2935,684,3,100,1.77,166.6,0.772,20.27,0,0.7019
2936,685,0,100,0.99,163.5,0.777,19.96,0,0.7015
2937,685,1,100,5.66,165.7,0.372,15.46,0,0.7015
2938,685,2,100,5.45,174.6,0.147,14.58,0,0.7015
2939,685,3,100,5.46,60.3,0.521,17.78,0,0.7015
2940,686,0,100,1.46,92.3,0.216,16.38,0,0.7011
2941,686,1,100,3.27,83.8,0.284,13.74,0,0.7011
2942,686,2,100,4.63,91.3,0.567,17.57,0,0.7011
2943,686,3,100,3.51,141.1,0.26,14.96,0,0.701
2944,686,4,100,3.02,90.8,0.402,14.23,0,0.701
2945,686,5,100,6.26,101.2,0.541,17.41,0,0.701
2946,687,0,100,6.42,59.0,0.311,18.44,0,0.7006
2947,687,1,100,2.99,75.9,0.753,17.52,0,0.7006
2948,687,2,100,2.67,115.7,0.443,16.37,0,0.7006
2949,687,3,100,3.92,93.1,0.265,13.94,0,0.7006
2950,688,0,100,2.62,138.4,0.162,13.89,0,0.7002
2951,688,1,100,1.5,196.1,0.563,18.26,0,0.7002
2952,688,2,100,1.24,136.2,0.294,15.81,0,0.7002
2953,688,3,100,2.33,42.9,0.821,17.92,0,0.7001
2954,689,0,100,1.81,79.5,0.885,20.21,0,0.6998
2955,689,1,100,4.83,168.4,0.201,14.75,0,0.6997
2956,689,2,100,1.78,51.1,0.824,22.79,0,0.6997
2957,689,3,100,5.65,105.3,0.212,11.3,0,0.6997
2958,690,0,100,1.62,63.1,0.508,13.74,0,0.6993
2959,690,1,100,4.07,84.6,0.162,13.0,0,0.6993
2960,690,2,100,1.89,179.7,0.628,13.75,0,0.6993
2961,690,3,100,3.63,210.8,0.16,12.99,0,0.6993
2962,691,0,100,2.02,138.7,0.739,18.1,0,0.6989
2963,691,1,100,4.2,213.8,0.706,16.63,0,0.6989
2964,691,2,100,3.24,218.1,0.83,19.32,0,0.6989
2965,691,3,100,4.97,43.0,0.277,14.51,0,0.6988
2966,692,0,100,1.01,169.6,0.679,15.17,0,0.6985
2967,692,1,100,3.16,149.6,0.811,17.72,0,0.6985
2968,692,2,100,0.82,183.2,0.44,15.55,0,0.6984
2969,692,3,100,3.22,113.6,0.245,16.15,0,0.6984
2970,693,0,100,5.21,164.2,0.598,15.15,0,0.698
2971,693,1,100,3.18,121.8,0.418,16.45,0,0.698
2972,693,2,100,5.78,127.1,0.119,9.82,0,0.698
2973,693,3,100,5.19,176.4,0.427,14.85,0,0.698
2974,693,4,100,0.83,166.4,0.819,18.97,0,0.698
2975,693,5,100,4.53,143.3,0.235,12.09,0,0.6979
2976,694,0,100,3.37,210.3,0.607,17.79,0,0.6976
2977,694,1,100,3.15,78.4,0.687,19.86,0,0.6976
2978,694,2,100,1.46,67.1,0.144,13.57,0,0.6975
2979,694,3,100,1.75,110.0,0.674,15.28,0,0.6975
2980,695,0,100,3.02,205.7,0.415,14.88,0,0.6972
2981,695,1,100,2.43,111.0,0.671,15.07,0,0.6971
2982,695,2,100,2.4,170.2,0.395,15.84,0,0.6971
2983,695,3,100,3.56,43.6,0.218,15.21,0,0.6971
2984,696,0,100,5.85,42.8,0.665,17.47,0,0.6967
2985,696,1,100,1.77,166.8,0.392,13.3,0,0.6967
2986,696,2,100,2.88,78.4,0.652,16.13,0,0.6967
2987,696,3,100,3.21,189.7,0.827,19.15,0,0.6967
2988,697,0,100,6.36,118.5,0.607,17.98,0,0.6963
2989,697,1,100,6.47,164.8,0.62,18.89,0,0.6963
2990,697,2,100,4.96,152.2,0.656,13.74,0,0.6963
2991,697,3,100,4.7,67.4,0.88,19.01,0,0.6962
2992,698,0,100,5.21,87.4,0.145,14.16,0,0.6959
2993,698,1,100,1.43,204.4,0.799,19.42,0,0.6958
2994,698,2,100,4.85,105.0,0.311,14.83,0,0.6958
2995,698,3,100,1.01,197.4,0.25,13.26,0,0.6958
2996,699,0,100,5.34,90.8,0.556,15.03,0,0.6954
2997,699,1,100,2.18,191.5,0.855,17.14,0,0.6954
2998,699,2,100,5.98,135.7,0.29,12.44,0,0.6954
2999,699,3,100,4.84,79.7,0.461,15.52,0,0.6954
3000,700,0,100,3.81,204.7,0.15,11.93,0,0.695
3001,700,1,100,2.12,50.7,0.161,15.5,0,0.695
3002,700,2,100,4.25,85.3,0.621,17.55,0,0.695
3003,700,3,100,1.8,150.1,0.758,18.87,0,0.6949
3004,700,4,100,2.87,175.9,0.725,18.27,0,0.6949
3005,700,5,100,4.26,70.1,0.456,16.28,0,0.6949
3006,701,0,100,2.55,112.1,0.736,21.01,0,0.6945
3007,701,1,100,5.67,126.8,0.704,15.92,0,0.6945
3008,701,2,100,2.65,181.2,0.349,16.18,0,0.6945
3009,701,3,100,2.78,217.1,0.425,14.34,0,0.6945
3010,702,0,100,5.31,89.9,0.61,17.72,0,0.6941
3011,702,1,100,3.33,186.4,0.69,18.05,0,0.6941
3012,702,2,100,1.63,72.4,0.208,13.41,0,0.6941
3013,702,3,100,1.9,110.6,0.482,16.47,0,0.694
3014,703,0,100,1.38,154.0,0.781,17.45,0,0.6937
3015,703,1,100,5.56,76.4,0.352,14.87,0,0.6936
3016,703,2,100,2.05,63.8,0.8,19.4,0,0.6936
3017,703,3,100,2.52,185.9,0.117,12.06,0,0.6936
3018,704,0,100,5.54,194.2,0.751,20.16,0,0.6932
3019,704,1,100,2.08,116.5,0.256,12.84,0,0.6932
3020,704,2,100,5.59,107.7,0.836,20.91,0,0.6932
3021,704,3,100,0.93,86.6,0.895,18.19,0,0.6932
3022,705,0,100,2.94,88.3,0.251,14.72,0,0.6928
3023,705,1,100,4.68,202.3,0.746,16.41,0,0.6928
3024,705,2,100,4.81,90.0,0.168,11.36,0,0.6928
3025,705,3,100,5.84,178.6,0.736,16.43,0,0.6927
3026,706,0,100,4.74,128.3,0.377,16.82,0,0.6924
3027,706,1,100,2.17,192.3,0.691,17.82,0,0.6924
3028,706,2,100,2.25,51.8,0.123,12.49,0,0.6923
3029,706,3,100,4.75,218.2,0.239,10.75,0,0.6923
3030,707,0,100,4.87,212.1,0.129,11.41,0,0.692
3031,707,1,100,3.41,136.4,0.725,17.12,0,0.6919
3032,707,2,100,2.42,86.3,0.628,18.0,0,0.6919
3033,707,3,100,4.83,103.7,0.8,18.76,0,0.6919
3034,707,4,100,2.78,215.1,0.673,17.48,0,0.6919
3035,707,5,100,4.36,110.1,0.31,13.35,0,0.6919
3036,708,0,100,3.58,110.2,0.172,13.36,0,0.6915
3037,708,1,100,2.7,170.3,0.318,13.6,0,0.6915
3038,708,2,100,2.69,112.3,0.284,13.97,0,0.6914
3039,708,3,100,2.8,46.5,0.699,15.97,0,0.6914
3040,709,0,100,0.96,97.1,0.556,14.45,0,0.6911
3041,709,1,100,4.15,141.3,0.777,17.43,0,0.691
3042,709,2,100,6.47,151.4,0.703,17.98,0,0.691
3043,709,3,100,1.64,181.8,0.278,14.37,0,0.691
3044,710,0,100,4.36,178.6,0.837,17.93,0,0.6906
3045,710,1,100,3.43,116.7,0.54,15.77,0,0.6906
3046,710,2,100,6.22,217.0,0.525,17.08,0,0.6906
3047,710,3,100,6.2,90.9,0.779,19.53,0,0.6906
3048,711,0,100,4.23,135.7,0.219,13.16,0,0.6902
3049,711,1,100,4.67,190.0,0.644,18.73,0,0.6902
3050,711,2,100,4.19,199.8,0.777,19.76,0,0.6901
3051,711,3,100,3.58,73.8,0.179,15.82,0,0.6901
3052,712,0,100,5.28,80.4,0.229,13.05,0,0.6898
3053,712,1,100,4.8,42.5,0.639,16.7,0,0.6897
3054,712,2,100,5.22,40.2,0.109,9.2,0,0.6897
3055,712,3,100,0.88,51.5,0.29,13.26,0,0.6897
3056,713,0,100,6.24,83.8,0.853,19.97,0,0.6893
3057,713,1,100,4.43,121.2,0.183,15.57,0,0.6893
3058,713,2,100,6.27,61.2,0.384,13.52,0,0.6893
3059,713,3,100,2.04,66.8,0.204,12.64,0,0.6893
3060,714,0,100,1.96,49.8,0.178,12.69,0,0.6889
3061,714,1,100,4.68,56.1,0.27,14.33,0,0.6889
3062,714,2,100,3.12,167.2,0.719,13.71,0,0.6889
3063,714,3,100,4.17,187.9,0.372,14.04,0,0.6888
3064,714,4,100,5.32,95.9,0.512,17.76,0,0.6888
3065,714,5,100,6.04,197.9,0.703,17.27,0,0.6888
3066,715,0,100,4.81,105.0,0.829,16.01,0,0.6884
3067,715,1,100,4.41,55.9,0.829,17.84,0,0.6884
3068,715,2,100,2.1,103.8,0.533,17.04,0,0.6884
3069,715,3,100,3.25,76.5,0.645,16.84,0,0.6884
3070,716,0,100,3.1,50.8,0.208,15.24,0,0.688
3071,716,1,100,4.0,164.0,0.744,16.15,0,0.688
3072,716,2,100,4.48,72.7,0.424,14.53,0,0.688
3073,716,3,100,4.62,149.2,0.361,16.22,0,0.6879
3074,717,0,100,4.47,113.4,0.648,15.45,0,0.6876
3075,717,1,100,2.08,194.5,0.856,14.93,0,0.6875
3076,717,2,100,4.46,107.1,0.167,13.34,0,0.6875
3077,717,3,100,2.42,198.6,0.213,14.24,0,0.6875
3078,718,0,100,2.8,180.5,0.876,20.67,0,0.6871
3079,718,1,100,1.68,175.2,0.469,14.85,0,0.6871
3080,718,2,100,1.06,176.9,0.484,16.02,0,0.6871
3081,718,3,100,1.46,99.8,0.444,14.12,0,0.6871
3082,719,0,100,5.99,130.2,0.695,15.72,0,0.6867
3083,719,1,100,4.69,65.7,0.537,17.18,0,0.6867
3084,719,2,100,2.18,118.3,0.344,16.57,0,0.6867
3085,719,3,100,1.38,192.0,0.146,12.76,0,0.6867
3086,720,0,100,2.55,54.6,0.387,16.13,0,0.6863
3087,720,1,100,3.47,48.1,0.445,17.53,0,0.6863
3088,720,2,100,6.19,213.6,0.401,13.6,0,0.6862
3089,720,3,100,5.92,61.4,0.377,15.37,0,0.6862
3090,721,0,100,2.21,77.3,0.331,12.95,0,0.6858
3091,721,1,100,3.26,96.5,0.605,17.06,0,0.6858
3092,721,2,100,2.62,156.6,0.475,14.75,0,0.6858
3093,721,3,100,6.48,74.7,0.212,14.47,0,0.6858
3094,721,4,100,4.06,151.8,0.346,14.13,0,0.6858
3095,721,5,100,3.99,184.9,0.18,14.02,0,0.6857
3096,722,0,100,4.12,212.8,0.897,19.72,0,0.6854
3097,722,1,100,5.49,125.6,0.416,16.13,0,0.6854
3098,722,2,100,2.44,122.9,0.307,15.22,0,0.6853
3099,722,3,100,5.77,81.1,0.477,16.5,0,0.6853
3100,723,0,100,2.71,129.4,0.689,15.94,0,0.6849
3101,723,1,100,6.26,130.0,0.564,15.18,0,0.6849
3102,723,2,100,0.91,80.6,0.723,17.21,0,0.6849
3103,723,3,100,3.76,100.0,0.693,17.74,0,0.6849
3104,724,0,100,4.79,199.1,0.428,14.8,0,0.6845
3105,724,1,100,1.17,168.6,0.533,18.71,0,0.6845
3106,724,2,100,4.38,55.0,0.726,18.43,0,0.6845
3107,724,3,100,2.19,148.0,0.107,12.92,0,0.6845
3108,725,0,100,3.72,189.9,0.205,13.07,0,0.6841
3109,725,1,100,4.38,203.1,0.34,12.01,0,0.6841
3110,725,2,100,1.19,98.0,0.242,13.86,0,0.6841
3111,725,3,100,2.38,97.0,0.895,16.8,0,0.684
3112,726,0,100,5.21,139.1,0.325,13.26,0,0.6837
3113,726,1,100,6.48,141.3,0.262,14.54,0,0.6836
3114,726,2,100,4.82,104.8,0.522,18.46,0,0.6836
3115,726,3,100,4.81,170.6,0.283,16.6,0,0.6836
3116,727,0,100,3.66,167.0,0.539,17.81,0,0.6832
3117,727,1,100,2.2,80.9,0.554,16.84,0,0.6832
3118,727,2,100,1.17,205.0,0.336,15.61,0,0.6832
3119,727,3,100,5.15,53.1,0.271,12.88,0,0.6832
3120,728,0,100,5.94,134.7,0.874,19.05,0,0.6828
3121,728,1,100,2.2,69.8,0.808,19.2,0,0.6828
3122,728,2,100,1.36,128.2,0.726,17.59,0,0.6828
3123,728,3,100,6.11,106.2,0.739,18.85,0,0.6827
3124,728,4,100,6.11,92.2,0.245,14.75,0,0.6827
3125,728,5,100,1.58,119.5,0.808,18.83,0,0.6827
3126,729,0,100,3.32,41.6,0.782,17.68,0,0.6823
3127,729,1,100,3.44,140.9,0.555,16.66,0,0.6823
3128,729,2,100,2.23,77.1,0.464,15.73,0,0.6823
3129,729,3,100,5.72,60.9,0.125,15.01,0,0.6823
